product,store,price,category,period_start,period_end
Simms Multipack Meat Snack Sticks,ALDI,3.89,alcohol,2026-09-23,2026-09-29
"Bud, Coors or Miller Lite",Food Lion,11.99,alcohol,2026-09-23,2026-09-29
Clearwater Cove or Apothic Wine,Food Lion,7.99,alcohol,2026-09-23,2026-09-29
CORONA OR HEINEKEN,Food Lion,16.99,alcohol,2026-09-23,2026-09-29
Cupcake or Duplin Wine,Food Lion,5.59,alcohol,2026-09-23,2026-09-29
Frito Lay Multipack,Food Lion,10.0,alcohol,2026-09-23,2026-09-29
Kendall Jackson Wine,Food Lion,10.39,alcohol,2026-09-23,2026-09-29
"White Claw, Truly or Happy Dad",Food Lion,16.99,alcohol,2026-09-23,2026-09-29
750 ml. Bogle Cabernet or Cook's Brut,Harris Teeter,8.99,alcohol,2026-09-23,2026-09-29
"Bud Family, Miller Family, Coors Light or 18 pk. Yuengling",Harris Teeter,15.99,alcohol,2026-09-23,2026-09-29
Corona or Modelo,Harris Teeter,9.99,alcohol,2026-09-23,2026-09-29
Graza Extra Virgin Olive Oil,Harris Teeter,13.99,alcohol,2026-09-09,2026-10-06
Graza Extra Virgin Olive Oil,Harris Teeter,14.99,alcohol,2026-09-09,2026-10-06
Harris Teeter Ginger Ale,Harris Teeter,5.0,alcohol,2026-09-23,2026-09-29
IBC Root Beer or Cream Soda,Harris Teeter,9.0,alcohol,2026-09-23,2026-09-29
750 ml. Juggernaut Cabernet or Josh Reserve Cabernet,Harris Teeter,17.99,alcohol,2026-09-23,2026-09-29
"Michelob Ultra, Yuengling Flight, Corona Premier or Modelo Oro",Harris Teeter,21.99,alcohol,2026-09-23,2026-09-29
Nightingale Ice Cream Sandwich,Harris Teeter,8.0,alcohol,2026-09-09,2026-10-06
Oyster Bay Sauvignon Blanc or Josh Cellars Prosecco,Harris Teeter,13.99,alcohol,2026-09-23,2026-09-29
Santa Margherita Pinot Grigio,Harris Teeter,24.99,alcohol,2026-09-23,2026-09-29
750 ml. Tribute or Mark West Pinot Noir,Harris Teeter,11.99,alcohol,2026-09-23,2026-09-29
"White Claw, Angry Orchard or Oskar Blue's",Harris Teeter,16.99,alcohol,2026-09-23,2026-09-29
"Bud Family, Miller Family, Coors Family or Yuengling",Lowes Foods,21.99,alcohol,2026-09-23,2026-09-29
Mike's or Simply Spiked,Lowes Foods,15.99,alcohol,2026-09-23,2026-09-29
"Sam Adams, Blue Moon or Modelo",Lowes Foods,16.99,alcohol,2026-09-23,2026-09-29
"Ultra, Corona Premier or Modelo Oro selected 24 pack 12 oz bottles or cans, Wicked Weed selected 12 pack 12 oz bottles or cans",Lowes Foods,19.88,alcohol,2026-09-23,2026-09-29
White Claw or Topo Chico,Lowes Foods,17.99,alcohol,2026-09-23,2026-09-29
"12-Pack Corona Extra or Light, or Modelo Especial, Oro, or Negra Modelo Beer",Publix,15.99,alcohol,2026-09-23,2026-09-29
12-Pack Heineken Lager,Publix,16.99,alcohol,2026-09-23,2026-09-29
12-Pack Kona Brewing Co. Beer,Publix,17.49,alcohol,2026-09-23,2026-09-29
12-Pack Michelob Ultra Beer,Publix,14.99,alcohol,2026-09-23,2026-09-29
12-Pack Peroni Nastro Azzurro Beer,Publix,20.99,alcohol,2026-09-23,2026-09-29
12-Pack White Claw Hard Seltzer,Publix,18.99,alcohol,2026-09-23,2026-09-29
15-Pack Miller Lite or Coors Light Beer,Publix,20.99,alcohol,2026-09-23,2026-09-29
24-Pack Natural Light Beer,Publix,18.99,alcohol,2026-09-23,2026-09-29
6-Pack Victory Brewing Co. Beer,Publix,11.99,alcohol,2026-09-23,2026-09-29
Art of the Cooper Special Selection Wine,Publix,29.99,alcohol,2026-09-23,2026-09-29
Centrum Multigummies 50+ Men or Women,Publix,14.99,alcohol,2026-09-23,2026-10-06
Centrum Nutrient Replenish,Publix,19.99,alcohol,2026-09-23,2026-10-06
Hi Jinx Cabernet Sauvignon Wine,Publix,18.49,alcohol,2026-09-23,2026-09-29
King Stag Cabernet Sauvignon Wine,Publix,18.99,alcohol,2026-09-23,2026-09-29
3 Kings Cabernet Sauvignon Wine,Publix,9.99,alcohol,2026-09-23,2026-09-29
Maison de Madeleine Brut Wine,Publix,18.99,alcohol,2026-09-23,2026-09-29
Periphery Cabernet Sauvignon Wine,Publix,18.99,alcohol,2026-09-23,2026-09-29
Periphery Sauvignon Blanc or Pinot Grigio Wine,Publix,14.99,alcohol,2026-09-23,2026-09-29
Crofton Cast-Iron Bread Baking Pot,ALDI,26.99,bakery,2026-09-30,2026-10-06
Deutsche Küche German Bread,ALDI,2.69,bakery,2026-09-23,2026-09-29
L'oven Fresh Keto Friendly Bread,ALDI,4.49,bakery,2026-09-23,2026-09-29
Crane Massage Rollers or Slant Board,ALDI,9.99,bakery,2026-09-23,2026-09-29
SOHL Furniture 10-Drawer Rolling Cart,ALDI,29.99,bakery,2026-09-23,2026-09-29
Crane Skipping Rope or Ab Roller,ALDI,4.99,bakery,2026-09-23,2026-09-29
WORKZONE Dolly Trolley,ALDI,14.99,bakery,2026-09-30,2026-10-06
Specially Selected Brioche Burger Buns,ALDI,3.99,bakery,2026-09-23,2026-09-29
Specially Selected Sliced Sourdough Round,ALDI,3.49,bakery,2026-09-23,2026-09-29
Specially Selected Everything Sourdough,ALDI,3.49,bakery,2026-09-23,2026-09-29
Deutsche Küche Biscuit Double Cake Roll,ALDI,3.99,bakery,2026-09-23,2026-09-29
Barissimo Coconut Crème or Cinnamon Roll Creamer,ALDI,2.69,bakery,2026-09-23,2026-09-29
SOHL Furniture 10-Drawer Rolling Cart,ALDI,29.99,bakery,2026-09-23,2026-09-29
Crane Massage Rollers or Slant Board,ALDI,9.99,bakery,2026-09-23,2026-09-29
Specially Selected Seeded Brioche Burger Buns,ALDI,3.99,bakery,2026-09-23,2026-09-29
Crane Skipping Rope or Ab Roller,ALDI,4.99,bakery,2026-09-23,2026-09-29
Nabisco BelVita Breakfast Biscuits or Newtons,Food Lion,3.49,bakery,2026-09-23,2026-09-29
Nabisco Fresh Stacks Cookies,Food Lion,5.0,bakery,2026-09-23,2026-09-29
Pearl Milling Company Pancake Mix or Syrup,Food Lion,5.0,bakery,2026-09-23,2026-09-29
PEPPERIDGE FARM BREAKFAST SWIRL BREAD,Food Lion,3.59,bakery,2026-09-23,2026-09-29
Pillsbury Grands! Biscuits,Food Lion,4.99,bakery,2026-09-23,2026-09-29
Southern Biscuit Formula L Biscuit Mix,Food Lion,3.0,bakery,2026-09-23,2026-09-29
Three Dog Bakery Mutt'er Bites or Lick 'n Crunch Treats,Food Lion,6.99,bakery,2026-09-23,2026-09-29
Sara Lee Honey Wheat Bread,Food Lion,5.0,bakery,2026-09-23,2026-09-29
Rustik Oven Bread or Bagels,Food Lion,3.59,bakery,2026-09-23,2026-09-29
Pepperidge Farm Farmhouse Bread or Buns,Food Lion,3.99,bakery,2026-09-23,2026-09-29
Nature's Promise Sliced Sourdough Breads,Food Lion,4.99,bakery,2026-09-23,2026-09-29
Wonder Classic Bread or Buns,Food Lion,4.0,bakery,2026-09-23,2026-09-29
Pillsbury Crescents or Cinnamon Rolls,Food Lion,2.39,bakery,2026-09-23,2026-09-29
Dave's Killer Bread Organic Bagels or English Muffins,Food Lion,4.95,bakery,2026-09-23,2026-09-29
Nature's Own Keto or Protein Buns or Bread,Food Lion,4.79,bakery,2026-09-23,2026-09-29
Betty Crocker Favorites Cake Mix or Brownie Mix,Harris Teeter,3.0,bakery,2026-09-23,2026-09-29
Bulk Donuts,Harris Teeter,2.0,bakery,2026-09-23,2026-09-29
Cappello's Biscuits,Harris Teeter,8.49,bakery,2026-09-09,2026-10-06
Dave's Killer Bread Snack Bites,Harris Teeter,9.0,bakery,2026-09-09,2026-10-06
Dewey's Bakery Pumpkin Spice Cookies,Harris Teeter,8.0,bakery,2026-09-09,2026-10-06
Dewey's Specialty Cookies,Harris Teeter,8.0,bakery,2026-09-23,2026-09-29
Duncan Hines Signature Cake Mix,Harris Teeter,3.0,bakery,2026-09-23,2026-09-29
Farmers Market Pie Pumpkins,Harris Teeter,5.0,bakery,2026-09-23,2026-09-29
Fresh Foods Market Decorated Cupcakes,Harris Teeter,5.0,bakery,2026-09-23,2026-09-29
Harris Teeter Pumpkin Pie Mix,Harris Teeter,2.99,bakery,2026-09-23,2026-09-29
Heavenly Hunks Cookie Bites,Harris Teeter,6.0,bakery,2026-09-09,2026-10-06
HT Traders Focaccia,Harris Teeter,5.49,bakery,2026-09-23,2026-09-29
Hungry Jack Pancake Mix,Harris Teeter,2.99,bakery,2026-09-23,2026-09-29
La Tortilla Factory Tortilla,Harris Teeter,7.0,bakery,2026-09-09,2026-10-06
Love&Cookies Gourmet Cookie Dough,Harris Teeter,6.99,bakery,2026-09-09,2026-10-06
Mission Carb Balance Tortillas,Harris Teeter,3.99,bakery,2026-09-23,2026-09-29
Olyra Organic Breakfast Biscuits,Harris Teeter,3.99,bakery,2026-09-09,2026-10-06
PEPPERIDGE FARM FARMHOUSE BREAD,Harris Teeter,3.99,bakery,2026-09-23,2026-09-29
Perfect Bar Pumpkin Pie Bar,Harris Teeter,5.0,bakery,2026-09-09,2026-10-06
Quest Protein Chips or 2.08 oz. Protein Cookies,Harris Teeter,5.0,bakery,2026-09-23,2026-09-29
Siete Grain Free Tortilla Chips,Harris Teeter,4.99,bakery,2026-09-09,2026-10-06
Simple Truth Protein Brownie Mix,Harris Teeter,4.49,bakery,2026-09-23,2026-09-29
Simple Truth Protein Mini Pancakes,Harris Teeter,5.49,bakery,2026-09-09,2026-10-06
Torani Pumpkin Pie Puremade Sauce,Harris Teeter,5.49,bakery,2026-09-09,2026-10-06
Nature's Own Honey Wheat Bread,Harris Teeter,1.49,bakery,2026-09-23,2026-09-29
Pepperidge Farm Buns or Rolls,Harris Teeter,3.69,bakery,2026-09-23,2026-09-29
Harris Teeter Old Fashioned Bread or 8 pk. Hot Dog or Hamburger Buns,Harris Teeter,4.0,bakery,2026-09-23,2026-09-29
Iris Bunch,Harris Teeter,9.0,bakery,2026-09-23,2026-09-29
Simple Truth Organic Cereal or 18 oz. Rolled Oats,Harris Teeter,6.0,bakery,2026-09-23,2026-09-29
12 Mega Roll Harris Teeter Ultra Soft or Strong Bath Tissue or 6 Double Roll Ultra Absorbent Paper Towels,Harris Teeter,9.99,bakery,2026-09-23,2026-09-29
Xochitl Halloween Sea Salt Tortilla Chips,Harris Teeter,4.99,bakery,2026-09-09,2026-10-06
Crav'n Cookies,Lowes Foods,5.0,bakery,2026-09-23,2026-09-29
Fall Decorated Cakes,Lowes Foods,13.99,bakery,2026-09-23,2026-09-29
Lowes Foods Frozen Bread,Lowes Foods,7.0,bakery,2026-09-23,2026-09-29
Lowes Foods Plain Panko Bread Crumbs,Lowes Foods,1.79,bakery,2026-09-23,2026-09-29
Lowes Foods Tortilla Chips,Lowes Foods,6.0,bakery,2026-09-23,2026-09-29
Mini Cookies,Lowes Foods,5.99,bakery,2026-09-23,2026-09-29
On The Border Tortilla Chips,Lowes Foods,5.0,bakery,2026-09-23,2026-09-29
Paws Dog Biscuit,Lowes Foods,2.99,bakery,2026-09-23,2026-09-29
Perdue Simply Smart Breaded Chicken,Lowes Foods,9.39,bakery,2026-09-23,2026-09-29
Bolillo or Telera Rolls,Lowes Foods,3.49,bakery,2026-09-23,2026-09-29
FRESH SUSHI ROLLS,Lowes Foods,4.99,bakery,2026-09-23,2026-09-29
Mini Croissants,Lowes Foods,5.0,bakery,2026-09-23,2026-09-29
Jimmy Dean Roll Sausage,Lowes Foods,4.99,bakery,2026-09-23,2026-09-29
"Bounty Paper Towel 4 triple or 6 double rolls, Charmin Ultra Soft 6 - 9 mega rolls",Lowes Foods,20.0,bakery,2026-09-23,2026-09-29
Pumpkin Cake Roll,Lowes Foods,9.99,bakery,2026-09-23,2026-09-29
Chantilly Berry Vanilla Cupcakes,Publix,5.99,bakery,2026-09-23,2026-09-29
GreenWise Crusty White Baguette,Publix,1.59,bakery,2026-09-23,2026-09-29
GreenWise Puff Pastry Sheets†,Publix,4.99,bakery,2026-09-23,2026-09-29
Homestyle Cornbread,Publix,4.49,bakery,2026-09-23,2026-09-29
Iced Cinnamon Swirl Cake,Publix,5.49,bakery,2026-09-23,2026-09-29
Loaf Cake,Publix,10.0,bakery,2026-09-23,2026-09-29
Macadamia Cookie Bites,Publix,4.59,bakery,2026-09-23,2026-09-29
Sprinkle Crunch Brownie Bite Platter,Publix,14.99,bakery,2026-09-23,2026-09-29
Stonefire Naan Flatbread,Publix,6.0,bakery,2026-09-23,2026-09-29
Stouffer's French Bread Pizza,Publix,10.0,bakery,2026-09-23,2026-09-29
Tate's Bake Shop Cookies,Publix,10.0,bakery,2026-09-23,2026-09-29
TOSTITOS TORTILLA CHIPS,Publix,7.0,bakery,2026-09-23,2026-09-29
King's Hawaiian Rolls,Publix,8.0,bakery,2026-09-10,2026-09-23
Bays English Muffins,Publix,5.0,bakery,2026-09-10,2026-09-23
"Pumpkin and Cheese Croissant, 2-Count",Publix,3.99,bakery,2026-09-23,2026-09-29
"Almond Croissant, 2-Count",Publix,3.99,bakery,2026-09-23,2026-09-29
King's Hawaiian Rolls,Publix,8.0,bakery,2026-09-10,2026-09-23
Bays English Muffins,Publix,5.0,bakery,2026-09-10,2026-09-23
ALDI find Deutsche Küche Chocolate Flavored Wafers,ALDI,3.99,beverages,2026-09-23,2026-09-29
Choeur Chocolate Assortment,ALDI,1.99,beverages,2026-09-23,2026-09-29
Choeur Dark Chocolate Assortment,ALDI,1.99,beverages,2026-09-23,2026-09-29
Simply Nature Fair Trade Organic Whole Bean Coffee,ALDI,7.99,beverages,2026-09-23,2026-09-29
Barissimo Zero Sugar Coffee Creamer,ALDI,2.69,beverages,2026-09-23,2026-09-29
Barissimo Flavored Iced Coffee,ALDI,3.89,beverages,2026-09-23,2026-09-29
PurAqua Italian Mineral Water,ALDI,4.69,beverages,2026-09-23,2026-09-29
VitaLife Organic Kombucha,ALDI,1.99,beverages,2026-09-23,2026-09-29
Folgers Coffee,Food Lion,9.99,beverages,2026-09-23,2026-09-29
Starbucks Coffee & Protein,Food Lion,6.0,beverages,2026-09-23,2026-09-29
Dunkin' Coffee,Food Lion,7.99,beverages,2026-09-23,2026-09-29
Eight O'Clock Coffee,Food Lion,12.99,beverages,2026-09-23,2026-09-29
Ensure Active High Protein Shakes,Food Lion,11.49,beverages,2026-09-23,2026-09-29
Food Lion Chocolate Morsels,Food Lion,2.99,beverages,2026-09-23,2026-09-29
Mott's Juice,Food Lion,7.0,beverages,2026-09-23,2026-09-29
Ocean Spray Juice,Food Lion,4.79,beverages,2026-09-23,2026-09-29
Pepsi Mini Cans,Food Lion,12.0,beverages,2026-09-23,2026-09-29
Perrier Sparkling Water,Food Lion,5.59,beverages,2026-09-23,2026-09-29
Power Water or Dasani,Food Lion,3.99,beverages,2026-09-23,2026-09-29
Red Bull Energy,Food Lion,10.39,beverages,2026-09-23,2026-09-29
Stash Tea Bags,Food Lion,3.49,beverages,2026-09-23,2026-09-29
Taste of Inspirations Chocolate Bar,Food Lion,2.99,beverages,2026-09-23,2026-09-29
Twisted Tea or Cayman Jack,Food Lion,16.99,beverages,2026-09-23,2026-09-29
Unreal Candy Chocolate Bars,Food Lion,4.79,beverages,2026-09-23,2026-09-29
Celsius Energy Drink,Harris Teeter,1.29,beverages,2026-09-23,2026-09-29
Bones Flavored Coffee,Harris Teeter,14.99,beverages,2026-09-09,2026-10-06
Super Coffee Creamer,Harris Teeter,5.49,beverages,2026-09-09,2026-10-06
Pure Intentions Coffee Ground Coffee,Harris Teeter,9.99,beverages,2026-09-09,2026-10-06
Orinoco Coffee & Tea Ltd Ground Coffee,Harris Teeter,10.99,beverages,2026-09-09,2026-10-06
Bones Flavored Coffee,Harris Teeter,14.99,beverages,2026-09-09,2026-10-06
Super Coffee Creamer,Harris Teeter,5.49,beverages,2026-09-09,2026-10-06
Pure Intentions Coffee Ground Coffee,Harris Teeter,9.99,beverages,2026-09-09,2026-10-06
Orinoco Coffee & Tea Ltd Ground Coffee,Harris Teeter,10.99,beverages,2026-09-09,2026-10-06
HT Traders Double Espresso Latte,Harris Teeter,2.29,beverages,2026-09-23,2026-09-29
Folgers Small Canister Ground Coffee,Harris Teeter,6.99,beverages,2026-09-23,2026-09-29
Eternal Naturally Alkaline Spring Water,Harris Teeter,7.0,beverages,2026-09-09,2026-10-06
Ghost Energy Drinks,Harris Teeter,10.0,beverages,2026-09-23,2026-09-29
Gorgie Sparkling Energy Drink,Harris Teeter,5.0,beverages,2026-09-09,2026-10-06
GT's Kombucha,Harris Teeter,6.0,beverages,2026-09-23,2026-09-29
Jarrito's Soda,Harris Teeter,5.0,beverages,2026-09-09,2026-10-06
Lenny Boy Organic Kombucha,Harris Teeter,5.0,beverages,2026-09-09,2026-10-06
Mineragua Sparkling Water,Harris Teeter,10.99,beverages,2026-09-09,2026-10-06
Mountain Valley Spring Spring Water,Harris Teeter,6.0,beverages,2026-09-09,2026-10-06
Proud Source Alkaline Spring Water,Harris Teeter,7.49,beverages,2026-09-09,2026-10-06
Celsius Energy Drink,Lowes Foods,10.0,beverages,2026-09-23,2026-09-29
Celsius Essentials Energy Drink,Lowes Foods,19.89,beverages,2026-09-23,2026-09-29
The Boxcar Coffee,Lowes Foods,7.0,beverages,2026-09-23,2026-09-29
Lowes Foods Coffee K-Cups,Lowes Foods,3.99,beverages,2026-09-23,2026-09-29
Green Mountain or McCafé Coffee,Lowes Foods,22.99,beverages,2026-09-23,2026-09-29
THE BOXCAR COFFEE CO. SMOOTHIES,Lowes Foods,2.0,beverages,2026-09-23,2026-09-29
Deer Park Spring Water,Lowes Foods,4.99,beverages,2026-09-23,2026-09-29
Gatorade,Lowes Foods,5.0,beverages,2026-09-23,2026-09-29
"Gold Peak, Vitaminwater or Smart Water",Lowes Foods,6.79,beverages,2026-09-23,2026-09-29
Powerade,Lowes Foods,5.0,beverages,2026-09-23,2026-09-29
Propel,Lowes Foods,4.99,beverages,2026-09-23,2026-09-29
Simply Juice Drink,Lowes Foods,7.0,beverages,2026-09-23,2026-09-29
GreenWise Organic Coffee,Publix,7.99,beverages,2026-09-23,2026-09-29
Publix Premium Single-Serve Coffee,Publix,4.99,beverages,2026-09-23,2026-09-29
Folgers Ground Coffee,Publix,10.99,beverages,2026-09-23,2026-09-29
Espresso Phalaenopsis Orchid,Publix,6.99,beverages,2026-09-23,2026-09-29
Danimals Smoothie,Publix,1.5,beverages,2026-09-10,2026-09-23
Gatorade Recover Protein Bar,Publix,4.0,beverages,2026-09-10,2026-09-23
Gillette Mach3 or Venus Disposable Razors 3-ct. or Venus Comfortglide White Tea 2-ct. Disposable Razor,Publix,6.99,beverages,2026-09-10,2026-09-23
Red Bull,Publix,22.99,beverages,2026-09-10,2026-09-23
Red Rose 100-ct. or Black Decaf Tea 48-ct.,Publix,8.0,beverages,2026-09-10,2026-09-23
Tampico Juice,Publix,4.0,beverages,2026-09-23,2026-10-06
Serra Ladies' Ultra Plush Fall Leggings,ALDI,6.99,dairy,2026-09-23,2026-09-29
Deutsche Küche Egg Spaetzle,ALDI,2.49,dairy,2026-09-23,2026-09-29
Serra Ladies' Ultra Plush Fall Leggings,ALDI,6.99,dairy,2026-09-23,2026-09-29
Friendly Farms Lactose Free Whole or 2% Milk,ALDI,2.99,dairy,2026-09-23,2026-09-29
Friendly Farms Unsweetened Vanilla or Sweetened Almondmilk,ALDI,2.29,dairy,2026-09-23,2026-09-29
Friendly Farms Nonfat Greek Yogurt,ALDI,2.79,dairy,2026-09-23,2026-09-29
Almond Breeze Almondmilk,Food Lion,2.99,dairy,2026-09-23,2026-09-29
Carnation Evaporated Milk,Food Lion,5.0,dairy,2026-09-23,2026-09-29
Taste of Inspirations Pre-Sliced Cheese,Food Lion,3.99,dairy,2026-09-23,2026-09-29
Food Lion Natural Slices or Shredded Cheese,Food Lion,5.0,dairy,2026-09-23,2026-09-29
Cracker Barrel Cheese Bars,Food Lion,6.0,dairy,2026-09-23,2026-09-29
Nellie's Free Range Brown Eggs,Food Lion,3.99,dairy,2026-09-23,2026-09-29
Marzetti Veggie Dips,Food Lion,3.49,dairy,2026-09-23,2026-09-29
Food Lion Whipped Butter,Food Lion,1.99,dairy,2026-09-23,2026-09-29
Gordo's Cheese Dip,Food Lion,4.79,dairy,2026-09-23,2026-09-29
Jif Peanut Butter,Food Lion,5.43,dairy,2026-09-23,2026-09-29
Philadelphia Cream Cheese,Food Lion,2.99,dairy,2026-09-23,2026-09-29
Philadelphia Soft Cream Cheese,Food Lion,3.49,dairy,2026-09-23,2026-09-29
Sargento Cheese Sticks,Food Lion,7.0,dairy,2026-09-23,2026-09-29
Taste of Inspirations Cheese Cubes,Food Lion,2.99,dairy,2026-09-23,2026-09-29
Taste of Inspirations Gourmet Cheese Sampler,Food Lion,7.99,dairy,2026-09-23,2026-09-29
Danimals Smoothie or YoCrunch Yogurt,Food Lion,3.19,dairy,2026-09-23,2026-09-29
Cabot Greek Yogurt,Food Lion,3.99,dairy,2026-09-23,2026-09-29
Brown Butter & Herb,Harris Teeter,3.99,dairy,2026-09-09,2026-10-06
Harris Teeter White or Yellow American Cheese,Harris Teeter,6.99,dairy,2026-09-23,2026-09-29
Galbani Fresh or Sliced Mozzarella Ball,Harris Teeter,5.99,dairy,2026-09-23,2026-09-29
Chocxo Cookie Butter Cups,Harris Teeter,6.99,dairy,2026-09-09,2026-10-06
Daisy Sour Cream,Harris Teeter,3.69,dairy,2026-09-23,2026-09-29
Simple Truth Organic Large Brown Eggs,Harris Teeter,3.99,dairy,2026-09-23,2026-09-29
Pete & Gerry's Pasture Raised Eggs,Harris Teeter,6.99,dairy,2026-09-23,2026-09-29
Eggo Waffles or 40 ct. Eggo Minis Pancakes,Harris Teeter,6.0,dairy,2026-09-23,2026-09-29
Organic Girl Big Butter!,Harris Teeter,3.49,dairy,2026-09-09,2026-10-06
Harris Teeter Sour Cream,Harris Teeter,1.69,dairy,2026-09-23,2026-09-29
Harris Teeter Whipping Cream,Harris Teeter,6.0,dairy,2026-09-23,2026-09-29
HT Traders Pasture-Raised Butter,Harris Teeter,7.0,dairy,2026-09-23,2026-09-29
HT Traders Peanut Butter Filled Pretzels,Harris Teeter,5.99,dairy,2026-09-23,2026-09-29
Kuii Coconut Milk,Harris Teeter,3.0,dairy,2026-09-09,2026-10-06
Harris Teeter Almond Milk,Harris Teeter,5.0,dairy,2026-09-23,2026-09-29
"Nabisco Family Size Oreo, Chips Ahoy!, Nutter Butter, Snack Crackers or Ritz",Harris Teeter,8.0,dairy,2026-09-23,2026-09-29
Plugra Butter,Harris Teeter,7.0,dairy,2026-09-23,2026-09-29
President Whipped Cream,Harris Teeter,3.77,dairy,2026-09-23,2026-09-29
Simple Truth Organic Evaporated Milk,Harris Teeter,5.0,dairy,2026-09-23,2026-09-29
Oikos Pro 20g Protein Single Serve Yogurt,Harris Teeter,3.0,dairy,2026-09-23,2026-09-29
Fage Greek Yogurt,Harris Teeter,5.0,dairy,2026-09-23,2026-09-29
Cabot Greek Yogurt,Harris Teeter,4.99,dairy,2026-09-23,2026-09-29
Lowes Foods Mozzarella Cheese Ball or Pearls,Lowes Foods,3.49,dairy,2026-09-23,2026-09-29
Delallo Balsamic Cheese Glaze,Lowes Foods,6.49,dairy,2026-09-23,2026-09-29
Vital Farms Organic Pasture Raised Eggs,Lowes Foods,8.99,dairy,2026-09-23,2026-09-29
Pete & Gerry's Pasture Raised Eggs,Lowes Foods,4.99,dairy,2026-09-23,2026-09-29
Kellogg's Eggo Waffles,Lowes Foods,6.0,dairy,2026-09-23,2026-09-29
Lowes Foods Veggie Straws,Lowes Foods,1.99,dairy,2026-09-23,2026-09-29
"La Marca, Greenwing or Butter",Lowes Foods,11.99,dairy,2026-09-23,2026-09-29
The Laughing Cow Cheese Wedges,Lowes Foods,5.99,dairy,2026-09-23,2026-09-29
Lowes Foods Canola Oil or Butter Flavored Cooking Spray,Lowes Foods,2.79,dairy,2026-09-23,2026-09-29
Lowes Foods Cheese Straws,Lowes Foods,2.99,dairy,2026-09-23,2026-09-29
Lowes Foods Sour Cream,Lowes Foods,1.99,dairy,2026-09-23,2026-09-29
Philadelphia Cream Cheese,Lowes Foods,7.0,dairy,2026-09-23,2026-09-29
Kemps Ice Cream or Frozen Yogurt,Lowes Foods,7.0,dairy,2026-09-23,2026-09-29
"Chobani Zero Sugar, Flip or Protein Yogurt",Lowes Foods,10.0,dairy,2026-09-23,2026-09-29
Cabot Yogurt,Lowes Foods,3.99,dairy,2026-09-23,2026-09-29
A2 Milk,Publix,9.0,dairy,2026-09-23,2026-09-29
Publix Mozzarella String Cheese,Publix,8.0,dairy,2026-09-23,2026-09-29
Publix Stuffed Flank Steak With Mozzarella Cheese,Publix,18.99,dairy,2026-09-23,2026-09-29
Kraft Shredded Cheese,Publix,6.0,dairy,2026-09-23,2026-09-29
Pete & Gerry's Organic Eggs,Publix,6.99,dairy,2026-09-23,2026-09-29
Sensible Portions Garden Veggie Straws Multi-Pack,Publix,9.99,dairy,2026-09-23,2026-10-06
Sensible Portions Garden Veggie Straws,Publix,12.0,dairy,2026-09-23,2026-10-06
GreenWise Organic Cheese Crumbles,Publix,7.0,dairy,2026-09-23,2026-09-29
Nestlé Carnation Evaporated Milk,Publix,1.99,dairy,2026-09-10,2026-09-23
Publix Cream Cheese,Publix,5.0,dairy,2026-09-23,2026-09-29
Publix Dutch Gouda Cheese,Publix,5.99,dairy,2026-09-23,2026-09-29
Sargento Cheese Slices,Publix,7.0,dairy,2026-09-23,2026-09-29
"Snickers, Twix, or Milky Way Candies",Publix,10.0,dairy,2026-09-23,2026-09-29
Publix Greek Yogurt†,Publix,8.0,dairy,2026-09-23,2026-09-29
Park Street Deli Cranberry Almond Chicken Salad,ALDI,4.99,deli,2026-09-23,2026-09-29
Delimex Snacks,Food Lion,3.99,deli,2026-09-23,2026-09-29
Oscar Mayer Deli Fresh Lunch Meat,Food Lion,5.99,deli,2026-09-23,2026-09-29
Good Good Pumpkin or Apple Butter,Harris Teeter,4.99,deli,2026-09-09,2026-10-06
Good Good Pumpkin or Apple Butter,Harris Teeter,4.99,deli,2026-09-09,2026-10-06
Clyde's Apple Cider Donuts,Harris Teeter,4.0,deli,2026-09-23,2026-09-29
Bakery Fresh Caramel Apple Filled Mini Cupcakes,Harris Teeter,5.0,deli,2026-09-23,2026-09-29
Farmers Market or Mayer Bros. Apple Cider,Harris Teeter,4.99,deli,2026-09-23,2026-09-29
Marzetti Caramel Apple Dip,Harris Teeter,3.99,deli,2026-09-23,2026-09-29
Farmers Market Macintosh or Gala Apple Tote Bags,Harris Teeter,1.99,deli,2026-09-23,2026-09-29
HT Traders Apple Blossoms,Harris Teeter,7.0,deli,2026-09-23,2026-09-29
Harris Teeter 100% Honeycrisp Apple Juice,Harris Teeter,2.99,deli,2026-09-23,2026-09-29
Blue Dragon Sushi Nori,Harris Teeter,4.49,deli,2026-09-09,2026-10-06
Kraft American Singles or Deli Deluxe Cheese,Harris Teeter,8.0,deli,2026-09-23,2026-09-29
Land O'Frost Premium Lunchmeat,Harris Teeter,5.99,deli,2026-09-23,2026-09-29
Lowes Foods Apple Juice,Lowes Foods,2.99,deli,2026-09-23,2026-09-29
Apple or Cherry Turnovers,Lowes Foods,4.99,deli,2026-09-23,2026-09-29
Apple Fritters,Lowes Foods,3.49,deli,2026-09-23,2026-09-29
Hereford Corned Beef,Lowes Foods,4.99,deli,2026-09-23,2026-09-29
Land O'Frost Premium Lunchmeat,Lowes Foods,4.99,deli,2026-09-23,2026-09-29
Publix Lunch Meats,Publix,7.29,deli,2026-09-23,2026-09-29
Helados Mexico Minis Ice Cream Bars,Food Lion,3.99,frozen,2026-09-23,2026-09-29
Pictsweet Edamame Snack Packs,Food Lion,4.79,frozen,2026-09-23,2026-09-29
Ore-Ida Tater Tots,Food Lion,3.99,frozen,2026-09-23,2026-09-29
TASTE OF INSPIRATIONS SORBET GREEN GRAPES,Food Lion,3.49,frozen,2026-09-23,2026-09-29
14 oz. Häagen-Dazs Ice Cream Pints or 3 ct. Bars or 6 ct. Outshine,Harris Teeter,11.0,frozen,2026-09-23,2026-09-29
Harris Teeter Premium Ice Cream,Harris Teeter,7.0,frozen,2026-09-23,2026-09-29
Harris Teeter Vanilla Caramel Ice Cream Cones,Harris Teeter,7.0,frozen,2026-09-23,2026-09-29
Lesser Evil Organic Pumpkin Spice Popcorn,Harris Teeter,8.0,frozen,2026-09-09,2026-10-06
Private Selection Ice Cream,Harris Teeter,5.99,frozen,2026-09-23,2026-09-29
Hot Pockets Sandwich,Lowes Foods,9.0,frozen,2026-09-23,2026-09-29
Mayfield Ice Cream,Lowes Foods,2.99,frozen,2026-09-23,2026-09-29
Carvel Round Ice Cream Cake,Publix,22.99,frozen,2026-09-23,2026-09-29
NATURE'S PROMISE ORGANIC BABY FOOD,Food Lion,0.99,health,2026-09-23,2026-09-29
Supergut GLP-Booster Fiber Supplement,Harris Teeter,23.99,health,2026-09-09,2026-10-06
Electrolit Electrolyte Drinks,Lowes Foods,5.99,health,2026-09-23,2026-09-29
Karma Probiotic Drink Mix Sticks,Lowes Foods,7.99,health,2026-09-23,2026-09-29
Bavarian Meats Lil' Landjaeger Meat Sticks,ALDI,6.99,meat,2026-09-23,2026-09-29
Fresh Grass-Fed Strip Steak,ALDI,11.99,meat,2026-09-23,2026-09-29
Fresh Black Angus Sirloin Tip Steak,ALDI,7.99,meat,2026-09-23,2026-09-29
Fresh Black Angus Skirt Steak,ALDI,10.99,meat,2026-09-23,2026-09-29
Deutsche Küche Beef Schnitzel,ALDI,9.99,meat,2026-09-23,2026-09-29
Deutsche Küche Chicken Schnitzel,ALDI,9.99,meat,2026-09-23,2026-09-29
Deutsche Küche Pork Schnitzel,ALDI,9.99,meat,2026-09-23,2026-09-29
Fresh Organic 85/15 Grass-Fed Ground Beef,ALDI,5.99,meat,2026-09-23,2026-09-29
Fresh 85/15 Ground Beef,ALDI,5.99,meat,2026-09-23,2026-09-29
Fresh Lamb Steaks,ALDI,8.99,meat,2026-09-23,2026-09-29
Morton's of Omaha Fresh Garlic or Steakhouse Petite Beef Tender,ALDI,6.99,meat,2026-09-23,2026-09-29
Fresh Family Pack Ground Chicken,ALDI,7.99,meat,2026-09-23,2026-09-29
Fresh Thin-Sliced Boneless Center Cut Pork Chops,ALDI,4.29,meat,2026-09-23,2026-09-29
Fresh Boneless Center Cut Pork Chops,ALDI,3.99,meat,2026-09-23,2026-09-29
Banquet Value Pack Brown 'N Serve Sausage,Food Lion,6.99,meat,2026-09-23,2026-09-29
Boneless Ribeye Steak,Food Lion,12.99,meat,2026-09-23,2026-09-29
Beef Shoulder Roast or Bottom Round Roast,Food Lion,6.99,meat,2026-09-23,2026-09-29
Chicken Nuggets,Food Lion,4.99,meat,2026-09-23,2026-09-29
Pilgrim's Chicken Wings,Food Lion,7.99,meat,2026-09-23,2026-09-29
Fresh Chicken Leg Quarters,Food Lion,6.99,meat,2026-09-23,2026-09-29
Nature's Promise Chicken Breast Strips,Food Lion,3.29,meat,2026-09-23,2026-09-29
Chicken Drumsticks,Food Lion,3.99,meat,2026-09-23,2026-09-29
Food Lion Chicken Wings,Food Lion,2.79,meat,2026-09-23,2026-09-29
Cubed Steak,Food Lion,7.99,meat,2026-09-23,2026-09-29
Food Lion Ground Turkey,Food Lion,9.99,meat,2026-09-23,2026-09-29
Food Lion Steak Sauce,Food Lion,3.49,meat,2026-09-23,2026-09-29
73% Lean Fresh Ground Beef,Food Lion,3.99,meat,2026-09-23,2026-09-29
Johnsonville Breakfast Sausage Links or Patties,Food Lion,3.99,meat,2026-09-23,2026-09-29
Johnsonville Fully Cooked Dinner Sausage,Food Lion,3.99,meat,2026-09-23,2026-09-29
Pork Chops,Food Lion,2.99,meat,2026-09-23,2026-09-29
Smithfield Marinated Pork Loin Filet,Food Lion,7.99,meat,2026-09-23,2026-09-29
Boneless Pork Loin Roast,Food Lion,2.99,meat,2026-09-23,2026-09-29
Smithfield Bacon,Food Lion,4.49,meat,2026-09-23,2026-09-29
St. Louis Style Pork Ribs,Food Lion,2.99,meat,2026-09-23,2026-09-29
Taste of Inspirations Turkey Breast,Food Lion,7.99,meat,2026-09-23,2026-09-29
Amylu Chicken Sausage or Meatballs,Harris Teeter,5.49,meat,2026-09-23,2026-09-29
Porterhouse or T-Bone Steak,Harris Teeter,12.99,meat,2026-09-23,2026-09-29
Villari Prime Pork Chops or Ribeye Chops,Harris Teeter,12.0,meat,2026-09-23,2026-09-29
10 oz. Pre Grass Fed New York Strip Steak,Harris Teeter,12.99,meat,2026-09-23,2026-09-29
Porterhouse or T-Bone Steaks,Harris Teeter,9.99,meat,2026-09-23,2026-09-29
Boar's Head Maple Glazed Honey Coat Turkey Breast,Harris Teeter,13.99,meat,2026-09-23,2026-09-29
Butterball Farm to Family Ground Turkey,Harris Teeter,6.49,meat,2026-09-23,2026-09-29
Chicken Breasts or Nuggets,Harris Teeter,7.99,meat,2026-09-09,2026-10-06
Chicken Breasts or Nuggets,Harris Teeter,7.99,meat,2026-09-09,2026-10-06
Harris Teeter Fresh Whole Chicken,Harris Teeter,1.59,meat,2026-09-23,2026-09-29
Harris Teeter Chicken Wings,Harris Teeter,2.79,meat,2026-09-23,2026-09-29
Simple Truth Chicken Tenders or Bites,Harris Teeter,8.99,meat,2026-09-23,2026-09-29
Cubed Steak,Harris Teeter,8.19,meat,2026-09-23,2026-09-29
Filet Mignon,Harris Teeter,12.99,meat,2026-09-23,2026-09-29
80% Lean Ground Chuck,Harris Teeter,5.49,meat,2026-09-23,2026-09-29
Harris Teeter Grilling Sausage,Harris Teeter,1.99,meat,2026-09-23,2026-09-29
Harris Teeter Grilling Sausage,Harris Teeter,8.0,meat,2026-09-23,2026-09-29
Harris Teeter Steak Sauce,Harris Teeter,5.0,meat,2026-09-23,2026-09-29
Holmes Sliced or Rope Sausage,Harris Teeter,4.99,meat,2026-09-23,2026-09-29
HT Traders All Beef Franks,Harris Teeter,4.99,meat,2026-09-23,2026-09-29
jack Link's Beef Jerky,Harris Teeter,5.99,meat,2026-09-23,2026-09-29
Kevin's Chicken Bowls,Harris Teeter,4.99,meat,2026-09-23,2026-09-29
Boneless Pork Chops,Harris Teeter,5.99,meat,2026-09-23,2026-09-29
Private Selection Italian Sausage & Meat Lasagna,Harris Teeter,7.49,meat,2026-09-23,2026-09-29
Roberts Famous Chicken Salad,Harris Teeter,8.99,meat,2026-09-23,2026-09-29
Schweid Brisket Burger,Harris Teeter,10.99,meat,2026-09-23,2026-09-29
Villari Prime Pork Belly,Harris Teeter,9.99,meat,2026-09-23,2026-09-29
Bacon,Lowes Foods,5.99,meat,2026-09-23,2026-09-29
Pre 100% Grass Fed New York Strip Steak,Lowes Foods,14.99,meat,2026-09-23,2026-09-29
GRASS FED BONELESS NY STRIP STEAKS,Lowes Foods,12.99,meat,2026-09-23,2026-09-29
CERTIFIED ANGUS BEEF® NY STRIP STEAKS,Lowes Foods,17.99,meat,2026-09-23,2026-09-29
Lowes Foods Boneless Chicken Thighs,Lowes Foods,3.99,meat,2026-09-23,2026-09-29
Rotisserie Chicken,Lowes Foods,9.99,meat,2026-09-23,2026-09-29
BONELESS SKINLESS CHICKEN BREAST,Lowes Foods,1.79,meat,2026-09-23,2026-09-29
Yummy Dino Buddies Chicken Breast,Lowes Foods,5.99,meat,2026-09-23,2026-09-29
CHICKEN WINGS,Lowes Foods,0.44,meat,2026-09-23,2026-09-29
FREE GRAZE 85% GRASS FED GROUND BEEF,Lowes Foods,8.99,meat,2026-09-23,2026-09-29
93% Lean Ground Turkey or Patties,Lowes Foods,6.99,meat,2026-09-23,2026-09-29
Jimmy Dean Pancakes & Sausage On A Stick,Lowes Foods,8.99,meat,2026-09-23,2026-09-29
Jimmy Dean Sausage,Lowes Foods,9.99,meat,2026-09-23,2026-09-29
Lowes Foods Beef Jerky,Lowes Foods,8.99,meat,2026-09-23,2026-09-29
Lowes Foods Steak Sauce,Lowes Foods,4.29,meat,2026-09-23,2026-09-29
Oscar Mayer Ready To Eat Bacon,Lowes Foods,3.99,meat,2026-09-23,2026-09-29
Perdue Breaded Chicken Nuggets,Lowes Foods,6.49,meat,2026-09-23,2026-09-29
Lowes Foods Boneless Country Style Pork Loin Ribs,Lowes Foods,2.99,meat,2026-09-23,2026-09-29
SAUSAGEWORKS ALL VARIETIES,Lowes Foods,3.99,meat,2026-09-23,2026-09-29
SMOKED BABY BACK RIBS,Lowes Foods,8.0,meat,2026-09-23,2026-09-29
Sirloin Tip Roast,Publix,8.99,meat,2026-09-23,2026-09-29
New York Strip Steak†,Publix,14.99,meat,2026-09-23,2026-09-29
GreenWise Angus New York Strip Steak,Publix,20.99,meat,2026-09-23,2026-09-29
GreenWise Angus Strip Steak,Publix,21.49,meat,2026-09-23,2026-09-29
Boar's Head® Jerk Turkey Protein Bowl,Publix,7.99,meat,2026-09-23,2026-09-29
Boar's Head® Turkey Sub,Publix,7.99,meat,2026-09-23,2026-09-29
Springer Mountain Farms Ground Chicken Breast†,Publix,3.99,meat,2026-09-23,2026-09-29
Publix Chicken Wings†,Publix,3.99,meat,2026-09-23,2026-09-29
Perdue Boneless Skinless Chicken Breasts†,Publix,4.49,meat,2026-09-23,2026-09-29
Publix Chicken Wings†,Publix,4.29,meat,2026-09-23,2026-09-29
Publix Chicken Breast Tenderloins,Publix,5.49,meat,2026-09-23,2026-09-29
Publix Chicken Breast Cutlets,Publix,5.49,meat,2026-09-23,2026-09-29
Pulled Rotisserie Chicken,Publix,8.99,meat,2026-09-23,2026-09-29
Publix Chicken Leg Quarters†,Publix,1.59,meat,2026-09-23,2026-09-29
Dakota Organic Ground Beef,Publix,8.99,meat,2026-09-23,2026-09-29
Nathan's Famous Beef Franks,Publix,5.99,meat,2026-09-23,2026-09-29
GreenWise Lean Pork Loin Chops,Publix,6.49,meat,2026-09-23,2026-09-29
Publix 2-Piece Fried Chicken Meal,Publix,6.49,meat,2026-09-23,2026-09-29
Publix BBQ Bacon Chicken Grillers,Publix,7.99,meat,2026-09-23,2026-09-29
Publix Gourmet Beef Meatballs,Publix,8.99,meat,2026-09-23,2026-09-29
Publix Half Pork Picnic,Publix,2.49,meat,2026-09-23,2026-09-29
Publix Homestyle Chicken Salad,Publix,5.99,meat,2026-09-23,2026-09-29
Publix Pork Boston Butt Roast,Publix,2.99,meat,2026-09-23,2026-09-29
Publix Pork Picnic,Publix,3.49,meat,2026-09-23,2026-09-29
Publix Seasoned Beef Meatballs,Publix,7.99,meat,2026-09-23,2026-09-29
Publix Seasoned Beef Meatloaf,Publix,7.99,meat,2026-09-23,2026-09-29
Publix Stuffed Flank Steak,Publix,18.99,meat,2026-09-23,2026-09-29
Publix Whole Pork Picnic,Publix,1.99,meat,2026-09-23,2026-09-29
ALDI find Deutsche Küche Doppelino,ALDI,3.99,other,2026-09-23,2026-09-29
Ambiano Fabric Shaver,ALDI,6.99,other,2026-09-30,2026-10-06
Ambiano Handheld Sewing or Craft Iron,ALDI,9.99,other,2026-09-23,2026-09-29
Ambiano Handheld Steamer,ALDI,12.99,other,2026-09-30,2026-10-06
Barissimo Italian Sweet Cream Creamer,ALDI,2.69,other,2026-09-23,2026-09-29
Bauhn Indoor Security Camera,ALDI,24.99,other,2026-09-30,2026-10-06
Bauhn Outlet Hiding Extension Cord,ALDI,14.99,other,2026-09-30,2026-10-06
Bendon Halloween Scratch Art,ALDI,4.99,other,2026-09-30,2026-10-06
Fresh Black Angus,ALDI,6.99,other,2026-09-23,2026-09-29
Fresh Black Angus Eye of Round,ALDI,7.49,other,2026-09-23,2026-09-29
Breakfast Best Breakfast Bowl,ALDI,1.85,other,2026-09-23,2026-09-29
Crane Power Fitness Bands,ALDI,4.99,other,2026-09-23,2026-09-29
Crane Running Accessories,ALDI,4.99,other,2026-09-23,2026-09-29
Creativity for Kids Sensory Bin,ALDI,14.99,other,2026-09-23,2026-09-29
Creativity for Kids Sensory Squish Bag,ALDI,8.99,other,2026-09-23,2026-09-29
Crofton 24-oz. Stainless Steel Straw Lid Bottle,ALDI,6.99,other,2026-09-23,2026-09-29
Crofton Halloween Baking Gadgets,ALDI,4.99,other,2026-09-30,2026-10-06
Crofton Halloween Meal Prep or Snackle Box,ALDI,3.99,other,2026-09-30,2026-10-06
Crofton Silicone Baking Pan,ALDI,6.99,other,2026-09-30,2026-10-06
Easy Home Engraver Pen or Wood Burner,ALDI,12.99,other,2026-09-30,2026-10-06
Easy Home Mini Sewing Kit,ALDI,4.99,other,2026-09-23,2026-09-29
Easy Home Push Down Staple Gun,ALDI,6.99,other,2026-09-30,2026-10-06
Ferrex 4V Power Tool Assortment,ALDI,14.99,other,2026-09-30,2026-10-06
Halloween Bag,ALDI,5.99,other,2026-09-30,2026-10-06
Halloween Children's Novelty Slippers,ALDI,4.99,other,2026-09-30,2026-10-06
THE HALLOWEEN COLLECTION,ALDI,3.99,other,2026-09-23,2026-09-29
THE HALLOWEEN COLLECTION 2-Pack Kitchen Towels,ALDI,3.99,other,2026-09-30,2026-10-06
"THE HALLOWEEN COLLECTION 20"" x 30"" Chenille Mat",ALDI,9.99,other,2026-09-23,2026-09-29
"THE HALLOWEEN COLLECTION 20"" x 30"" Chenille Mat Halloween",ALDI,9.99,other,2026-09-23,2026-09-29
THE HALLOWEEN COLLECTION 3' x 5' Crystal Print Rug,ALDI,19.99,other,2026-09-23,2026-09-29
THE HALLOWEEN COLLECTION Decorate-Your-Own Halloween Bag,ALDI,3.99,other,2026-09-23,2026-09-29
THE HALLOWEEN COLLECTION Halloween Basket,ALDI,7.99,other,2026-09-30,2026-10-06
THE HALLOWEEN COLLECTION Halloween Cat Scratching House,ALDI,6.99,other,2026-09-30,2026-10-06
THE HALLOWEEN COLLECTION Halloween Circle Sign,ALDI,8.99,other,2026-09-23,2026-09-29
THE HALLOWEEN COLLECTION Halloween Crochet Set,ALDI,4.99,other,2026-09-30,2026-10-06
THE HALLOWEEN COLLECTION Halloween Drinkware,ALDI,4.99,other,2026-09-30,2026-10-06
THE HALLOWEEN COLLECTION Halloween Ice Cubes or Straws,ALDI,2.99,other,2026-09-30,2026-10-06
THE HALLOWEEN COLLECTION Halloween Mini Gnome,ALDI,4.99,other,2026-09-23,2026-09-29
THE HALLOWEEN COLLECTION Halloween Mug,ALDI,3.99,other,2026-09-30,2026-10-06
THE HALLOWEEN COLLECTION Halloween Neon Sign,ALDI,9.99,other,2026-09-23,2026-09-29
THE HALLOWEEN COLLECTION Halloween Paper Pumpkins,ALDI,6.99,other,2026-09-23,2026-09-29
THE HALLOWEEN COLLECTION Halloween Pillow,ALDI,9.99,other,2026-09-23,2026-09-29
THE HALLOWEEN COLLECTION Halloween Planter,ALDI,9.99,other,2026-09-23,2026-09-29
THE HALLOWEEN COLLECTION Halloween Serving Board,ALDI,9.99,other,2026-09-23,2026-09-29
THE HALLOWEEN COLLECTION Halloween Window Stickers,ALDI,1.99,other,2026-09-30,2026-10-06
THE HALLOWEEN COLLECTION Metal Jack-o'-Lantern,ALDI,16.99,other,2026-09-23,2026-09-29
THE HALLOWEEN COLLECTION Neon Sign,ALDI,9.99,other,2026-09-23,2026-09-29
THE HALLOWEEN COLLECTION Paint-Your-Own Halloween Ceramic,ALDI,3.99,other,2026-09-23,2026-09-29
THE HALLOWEEN COLLECTION Paint-Your-Own Paper-Mache,ALDI,3.99,other,2026-09-23,2026-09-29
THE HALLOWEEN COLLECTION Paper Pumpkins,ALDI,6.99,other,2026-09-23,2026-09-29
THE HALLOWEEN COLLECTION Plush Throw,ALDI,4.99,other,2026-09-30,2026-10-06
THE HALLOWEEN COLLECTION Pop-Up Halloween Character,ALDI,14.99,other,2026-09-23,2026-09-29
THE HALLOWEEN COLLECTION Queen or King Halloween Sheet Set,ALDI,14.99,other,2026-09-23,2026-09-29
Halloween Ladies' Halloween Novelty Slippers,ALDI,6.99,other,2026-09-30,2026-10-06
Heart to Tail Halloween Dog Toy,ALDI,4.99,other,2026-09-30,2026-10-06
Heart to Tail Halloween Pet Costume,ALDI,6.99,other,2026-09-30,2026-10-06
Hinkler Craft Maker,ALDI,7.99,other,2026-09-23,2026-09-29
KIRKTON HOUSE Comfort Mat Halloween,ALDI,6.99,other,2026-09-30,2026-10-06
KIRKTON HOUSE Craft Organizer,ALDI,9.99,other,2026-09-30,2026-10-06
KIRKTON HOUSE Halloween Icon Candle,ALDI,7.99,other,2026-09-30,2026-10-06
KIRKTON HOUSE Twin or Full Halloween Sheet Set,ALDI,8.99,other,2026-09-23,2026-09-29
KIRKTON HOUSE Vinyl Tablecloth,ALDI,3.99,other,2026-09-30,2026-10-06
LEGO Halloween Recruitment Bag,ALDI,4.99,other,2026-09-30,2026-10-06
LEGO Halloween Set,ALDI,14.99,other,2026-09-30,2026-10-06
Lily & Dan Children's Halloween Pullover,ALDI,5.99,other,2026-09-23,2026-09-29
Little Town Halloween Knit Plush,ALDI,6.99,other,2026-09-30,2026-10-06
LIVE IN STYLE Fashion Crossbody Bag,ALDI,9.99,other,2026-09-23,2026-09-29
Pumpkins,ALDI,3.95,other,2026-09-23,2026-09-29
PurAqua Belle Vie 12-Pack,ALDI,3.99,other,2026-09-23,2026-09-29
PurAqua Sparkling Frost Water,ALDI,0.59,other,2026-09-23,2026-09-29
Serra Ladies' Halloween Cardigan,ALDI,16.99,other,2026-09-30,2026-10-06
Serra Ladies' Halloween Pullover,ALDI,9.99,other,2026-09-23,2026-09-29
Serra Ladies' Winter Clogs,ALDI,12.99,other,2026-09-23,2026-09-29
Serra Long Layering Cardigan,ALDI,16.99,other,2026-09-23,2026-09-29
Serra Waffle Lounge Set,ALDI,14.99,other,2026-09-23,2026-09-29
Specially Selected California Autumncrisp Grapes,ALDI,5.79,other,2026-09-23,2026-09-29
"Squishmallows 8"" Halloween Squishmallow",ALDI,8.99,other,2026-09-30,2026-10-06
Tara Toy Halloween Pixel Art or Shrinky Dinks,ALDI,2.99,other,2026-09-30,2026-10-06
Washington Organic Pears,ALDI,3.29,other,2026-09-23,2026-09-29
WORKZONE Household Tool Kit,ALDI,12.99,other,2026-09-30,2026-10-06
7-UP OR CANADA DRY PRODUCTS,Food Lion,12.0,other,2026-09-23,2026-09-29
Alani Energy,Food Lion,4.0,other,2026-09-23,2026-09-29
Always My Baby Training Pants,Food Lion,6.99,other,2026-09-23,2026-09-29
Arizona Tea,Food Lion,6.0,other,2026-09-23,2026-09-29
Arm & Hammer Kids 3-N-1 Body Wash or Liquid Hand Soap,Food Lion,3.0,other,2026-09-23,2026-09-29
Arm & Hammer Kids 3-N-1 Body Wash or Liquid Hand Soap,Food Lion,6.79,other,2026-09-23,2026-09-29
Athens Phyllo Bites,Food Lion,3.19,other,2026-09-23,2026-09-29
BodyArmor,Food Lion,5.99,other,2026-09-23,2026-09-29
BODYARMOR FLASH I.V.,Food Lion,4.0,other,2026-09-23,2026-09-29
Brawny,Food Lion,5.99,other,2026-09-23,2026-09-29
Busch,Food Lion,17.99,other,2026-09-23,2026-09-29
Bush's Grillin' Beans,Food Lion,2.15,other,2026-09-23,2026-09-29
Campbell's Chunky Frozen Meals,Food Lion,3.49,other,2026-09-23,2026-09-29
Chobani Protein Flip,Food Lion,1.99,other,2026-09-23,2026-09-29
Clorox,Food Lion,3.99,other,2026-09-23,2026-09-29
Crest 3D White Toothpaste,Food Lion,4.99,other,2026-09-23,2026-09-29
Dietz & Watson Ham,Food Lion,8.99,other,2026-09-23,2026-09-29
DiGiorno Stuffed Crust Pizza,Food Lion,6.99,other,2026-09-23,2026-09-29
Dole Fruit Bowls,Food Lion,6.0,other,2026-09-23,2026-09-29
Downy Fabric Softener,Food Lion,3.99,other,2026-09-23,2026-09-29
Edwards Pies,Food Lion,4.99,other,2026-09-23,2026-09-29
Finish Powerball,Food Lion,4.99,other,2026-09-23,2026-09-29
Food Lion 90 Second Rice,Food Lion,3.0,other,2026-09-23,2026-09-29
Food Lion Aluminum Foil,Food Lion,3.99,other,2026-09-23,2026-09-29
Food Lion Premium Bath Tissue,Food Lion,3.49,other,2026-09-23,2026-09-29
Food Lion Crispy Thin Crust Pizza,Food Lion,0.99,other,2026-09-23,2026-09-29
Food Lion Crystal Dinnerware,Food Lion,4.99,other,2026-09-23,2026-09-29
Food Lion Dish Liquid,Food Lion,4.0,other,2026-09-23,2026-09-29
Food Lion Floor Refills,Food Lion,3.99,other,2026-09-23,2026-09-29
Food Lion Napkins,Food Lion,4.0,other,2026-09-23,2026-09-29
Food Lion Party Cups,Food Lion,3.49,other,2026-09-23,2026-09-29
Food Lion Sweet Corn,Food Lion,2.89,other,2026-09-23,2026-09-29
Food Lion Ultra Paper Plates or Bowls,Food Lion,4.99,other,2026-09-23,2026-09-29
Fructis Shampoo or Conditioner or Styling Products,Food Lion,3.99,other,2026-09-23,2026-09-29
Glad Tall Kitchen Bags,Food Lion,14.79,other,2026-09-23,2026-09-29
Green Seedless Grapes,Food Lion,1.49,other,2026-09-23,2026-09-29
Hanover Frozen Vegetables,Food Lion,3.0,other,2026-09-23,2026-09-29
Healthy Choice Dinners or Marie Callender's Bowls,Food Lion,6.0,other,2026-09-23,2026-09-29
Hillshire Snacking Small Plates,Food Lion,5.0,other,2026-09-23,2026-09-29
House Autry Seasoned Fry Mix,Food Lion,4.0,other,2026-09-23,2026-09-29
6 Inch Indoor Mums,Food Lion,9.99,other,2026-09-23,2026-09-29
Jarritos Variety Case,Food Lion,11.19,other,2026-09-23,2026-09-29
"Kinder's Wing, Cooking or Dipping Sauce",Food Lion,4.63,other,2026-09-23,2026-09-29
Kingsford Original Briquets or Match Light Briquets,Food Lion,9.99,other,2026-09-23,2026-09-29
Kraft Salad Dressing,Food Lion,2.19,other,2026-09-23,2026-09-29
Lawry's Marinade,Food Lion,2.99,other,2026-09-23,2026-09-29
Marzetti Protein Dips,Food Lion,3.99,other,2026-09-23,2026-09-29
Mild or Spicy Wings,Food Lion,4.99,other,2026-09-23,2026-09-29
"Natural, Miller High Life or Pabst",Food Lion,17.99,other,2026-09-23,2026-09-29
Nabisco Multi Packs,Food Lion,5.99,other,2026-09-23,2026-09-29
Nature's Promise Greenhouse Grown Salads,Food Lion,2.49,other,2026-09-23,2026-09-29
Nature Valley Protein or Soft Baked PB&J Bars,Food Lion,3.99,other,2026-09-23,2026-09-29
Pampers Baby Wipes,Food Lion,12.99,other,2026-09-23,2026-09-29
Pedigree Dry Dog Food,Food Lion,15.99,other,2026-09-23,2026-09-29
Primal Kitchen Dressing,Food Lion,4.79,other,2026-09-23,2026-09-29
Puffs Facial Tissue,Food Lion,4.79,other,2026-09-23,2026-09-29
Quilted Northern,Food Lion,5.99,other,2026-09-23,2026-09-29
"Red Baron 12"" or Crunch Time Pizza",Food Lion,3.49,other,2026-09-23,2026-09-29
Scott Bath Tissue,Food Lion,15.99,other,2026-09-23,2026-09-29
Sheba Perfect Portions,Food Lion,14.99,other,2026-09-23,2026-09-29
"Sierra Nevada, New Belgium or Samuel Adams",Food Lion,16.99,other,2026-09-23,2026-09-29
Simek's Kids Meatballs,Food Lion,6.99,other,2026-09-23,2026-09-29
Smirnoff,Food Lion,16.99,other,2026-09-23,2026-09-29
Snack Pies,Food Lion,5.0,other,2026-09-23,2026-09-29
STRAWBERRIES,Food Lion,2.79,other,2026-09-23,2026-09-29
Taste of Inspirations Crisps,Food Lion,5.0,other,2026-09-23,2026-09-29
Taste of Inspirations Dream Mix,Food Lion,7.29,other,2026-09-23,2026-09-29
Temptations Cat Treats,Food Lion,2.49,other,2026-09-23,2026-09-29
TGI FRIDAYS SNACKS,Food Lion,3.99,other,2026-09-23,2026-09-29
Tide Evo,Food Lion,7.99,other,2026-09-23,2026-09-29
Tide Simply Laundry Detergent,Food Lion,8.99,other,2026-09-23,2026-09-29
Tyson Frozen Chicken,Food Lion,5.99,other,2026-09-23,2026-09-29
Viva,Food Lion,13.99,other,2026-09-23,2026-09-29
WICKED WEED,Food Lion,16.99,other,2026-09-23,2026-09-29
Ziploc,Food Lion,6.99,other,2026-09-23,2026-09-29
Angie's Boom Chicka Pop,Harris Teeter,5.0,other,2026-09-23,2026-09-29
"New Belgium, Sierra Nevada, Sam Adams or Wicked Weed",Harris Teeter,15.99,other,2026-09-23,2026-09-29
Blue Zones Kitchen,Harris Teeter,5.99,other,2026-09-09,2026-10-06
Bob Evans Sides or Singles,Harris Teeter,8.0,other,2026-09-23,2026-09-29
Bomb Pops,Harris Teeter,6.0,other,2026-09-23,2026-09-29
Boneless Drumsticks,Harris Teeter,10.0,other,2026-09-23,2026-09-29
Brez Social Tonic,Harris Teeter,12.99,other,2026-09-09,2026-10-06
Brine & Rub Kit,Harris Teeter,7.99,other,2026-09-09,2026-10-06
Bush's Original Baked or Grillin' Beans,Harris Teeter,5.0,other,2026-09-23,2026-09-29
Campbell's Chunky Soup,Harris Teeter,1.97,other,2026-09-23,2026-09-29
P.F. Chang's or Bertolli Entrees,Harris Teeter,5.99,other,2026-09-23,2026-09-29
Cottonelle Bath Tissue,Harris Teeter,6.99,other,2026-09-23,2026-09-29
Cravings By Chrissy Teigen Mixes,Harris Teeter,7.99,other,2026-09-09,2026-10-06
Deer Park Water,Harris Teeter,3.97,other,2026-09-23,2026-09-29
Fancy Feast Savory Center Cat Food,Harris Teeter,3.0,other,2026-09-23,2026-09-29
Fancy Feast Wet Cat Food,Harris Teeter,10.0,other,2026-09-23,2026-09-29
"Fanta, Barq's or Minute Maid",Harris Teeter,2.49,other,2026-09-23,2026-09-29
Farmer's Market Organic Puree,Harris Teeter,6.0,other,2026-09-09,2026-10-06
Farmers Market Pumpkins,Harris Teeter,7.0,other,2026-09-23,2026-09-29
Farmers Market White Pumpkins,Harris Teeter,9.0,other,2026-09-23,2026-09-29
Fresh Foods Market Artisan Half Loaves,Harris Teeter,5.0,other,2026-09-23,2026-09-29
Forever My Girl Bouquet,Harris Teeter,9.99,other,2026-09-23,2026-09-29
Friskies 'lil Soups,Harris Teeter,5.0,other,2026-09-23,2026-09-29
Go Raw Organic Sprouted Seeds,Harris Teeter,3.99,other,2026-09-09,2026-10-06
Graza Aioli,Harris Teeter,7.99,other,2026-09-09,2026-10-06
Graza Mayo,Harris Teeter,7.99,other,2026-09-09,2026-10-06
Harris Teeter Alfredo Sauce,Harris Teeter,5.0,other,2026-09-09,2026-10-06
Harris Teeter Alfredo Sauce,Harris Teeter,4.0,other,2026-09-23,2026-09-29
Harris Teeter Crunchy & Soft Taco Kit,Harris Teeter,5.0,other,2026-09-23,2026-09-29
"Harris Teeter Everyday or Ultra Plates, Bowls, Cups",Harris Teeter,6.0,other,2026-09-23,2026-09-29
Harris Teeter Facial Tissue,Harris Teeter,5.0,other,2026-09-23,2026-09-29
"Harris Teeter Frozen Fruit, 16 oz. French Toast Sticks or 8.8 oz Crust-Offs Sandwiches",Harris Teeter,6.0,other,2026-09-23,2026-09-29
Harris Teeter Half and Half,Harris Teeter,4.99,other,2026-09-23,2026-09-29
12 oz. Harris Teeter Marinades or 5.75 - 6 oz. Ripe Olives,Harris Teeter,4.0,other,2026-09-23,2026-09-29
Harris Teeter Occasions Party Cups,Harris Teeter,4.49,other,2026-09-23,2026-09-29
Harris Teeter or HT Traders Breakfast Sandwiches,Harris Teeter,5.49,other,2026-09-23,2026-09-29
Harris Teeter Snack Cheese,Harris Teeter,6.0,other,2026-09-23,2026-09-29
Harris Teeter Triple Chamber Dishwasher Pacs,Harris Teeter,7.0,other,2026-09-23,2026-09-29
Harris Teeter Whipped Topping,Harris Teeter,3.0,other,2026-09-23,2026-09-29
Hershey's Standard Size Bars,Harris Teeter,5.0,other,2026-09-23,2026-09-29
Hillshire Snacking Small Plates,Harris Teeter,6.0,other,2026-09-23,2026-09-29
Hostess Donettes,Harris Teeter,5.0,other,2026-09-23,2026-09-29
HT Traders Tea,Harris Teeter,7.0,other,2026-09-23,2026-09-29
Ice Breakers Chewing Gum,Harris Teeter,4.29,other,2026-09-23,2026-09-29
8 inch Outdoor Hardy Mums,Harris Teeter,12.0,other,2026-09-23,2026-09-29
Isadora Refried Beans,Harris Teeter,4.0,other,2026-09-09,2026-10-06
Kraft Old English Jar Cheese,Harris Teeter,5.0,other,2026-09-23,2026-09-29
"La Marca, La Crema or J Lohr Reds",Harris Teeter,13.99,other,2026-09-23,2026-09-29
Laundry Powder,Harris Teeter,14.99,other,2026-09-09,2026-10-06
Lay's Flavors or Kettle Flavors,Harris Teeter,7.0,other,2026-09-23,2026-09-29
Lay's Classic or Lay's Kettle Original,Harris Teeter,6.0,other,2026-09-23,2026-09-29
Lean Cuisine or Stouffer's Entrees,Harris Teeter,10.0,other,2026-09-23,2026-09-29
Liberty Dry Dog Food,Harris Teeter,13.49,other,2026-09-23,2026-09-29
Liquid Death Sparkling Energy,Harris Teeter,5.0,other,2026-09-09,2026-10-06
Loisa Sauce,Harris Teeter,7.99,other,2026-09-09,2026-10-06
Michael Angelo's Entrees,Harris Teeter,6.0,other,2026-09-23,2026-09-29
Mike's Hard or Cayman Jack or 15 pk. Bold Rock,Harris Teeter,17.99,other,2026-09-23,2026-09-29
Large Mixed Heirloom Pumpkins,Harris Teeter,9.0,other,2026-09-23,2026-09-29
Nestle Toll House Baking Morsels,Harris Teeter,10.0,other,2026-09-23,2026-09-29
Nick's Sticks Snack Sticks,Harris Teeter,7.0,other,2026-09-09,2026-10-06
NODE,Harris Teeter,18.99,other,2026-09-23,2026-09-29
Noosa Finest Yoghurt,Harris Teeter,5.0,other,2026-09-23,2026-09-29
Nutpods Dairy Free Creamer,Harris Teeter,6.0,other,2026-09-09,2026-10-06
Nutpods Seasonal Dairy Free Creamers,Harris Teeter,5.49,other,2026-09-09,2026-10-06
OMB,Harris Teeter,17.99,other,2026-09-23,2026-09-29
Ornamental Farmers Market Pumpkins or Gourds,Harris Teeter,4.0,other,2026-09-23,2026-09-29
Oxygen Bleach,Harris Teeter,10.99,other,2026-09-09,2026-10-06
Pop•Tarts Toaster Pastries,Harris Teeter,5.0,other,2026-09-23,2026-09-29
Purina ONE Dry Cat Food,Harris Teeter,17.99,other,2026-09-23,2026-09-29
Recover 180 Organic Isotonic,Harris Teeter,4.0,other,2026-09-23,2026-09-29
Rib Rack Rubs,Harris Teeter,3.99,other,2026-09-23,2026-09-29
"750 mL Ruffino, Mionetto or Riondo",Harris Teeter,12.99,other,2026-09-23,2026-09-29
Seedless Green Grapes,Harris Teeter,1.99,other,2026-09-23,2026-09-29
Serenity Kids Grain Free Puffs,Harris Teeter,8.0,other,2026-09-09,2026-10-06
Siete Enchilada Sauce,Harris Teeter,5.49,other,2026-09-09,2026-10-06
Siete Refried Beans,Harris Teeter,5.0,other,2026-09-09,2026-10-06
Simple Mills Baking Mixes,Harris Teeter,6.99,other,2026-09-09,2026-10-06
Simple Truth Organic 100% Pure Pumpkin,Harris Teeter,5.0,other,2026-09-23,2026-09-29
Simple Truth Organic Half & Half,Harris Teeter,4.49,other,2026-09-23,2026-09-29
Simple Truth Plates & Bowls,Harris Teeter,4.49,other,2026-09-23,2026-09-29
Simple Truth Protein Waffles,Harris Teeter,4.99,other,2026-09-09,2026-10-06
Simple Truth Variety Pack Freeze-Dried Fruit,Harris Teeter,5.99,other,2026-09-23,2026-09-29
Simple Truth Organic Vegetables,Harris Teeter,5.0,other,2026-09-23,2026-09-29
Smith & Hook,Harris Teeter,19.99,other,2026-09-23,2026-09-29
Smucker's Uncrustables,Harris Teeter,8.99,other,2026-09-23,2026-09-29
Softsoap Hand Soap,Harris Teeter,4.0,other,2026-09-23,2026-09-29
Sparkling ICE+ Caffeine Singles,Harris Teeter,5.0,other,2026-09-23,2026-09-29
Starbucks Creamer or Sweet Cream,Harris Teeter,8.0,other,2026-09-23,2026-09-29
Swiffer Wet and Dry Refills,Harris Teeter,9.99,other,2026-09-23,2026-09-29
Terry Ho's Yum Yum Sauce,Harris Teeter,5.49,other,2026-09-09,2026-10-06
Tidy Cats Cat Litter,Harris Teeter,11.49,other,2026-09-23,2026-09-29
Victory,Harris Teeter,10.99,other,2026-09-23,2026-09-29
Viva Paper Towels,Harris Teeter,14.99,other,2026-09-23,2026-09-29
Whiskas Temptations Cat Treats,Harris Teeter,3.99,other,2026-09-23,2026-09-29
Yellowbird Sauce,Harris Teeter,4.99,other,2026-09-09,2026-10-06
8-Piece Fried Chicken,Lowes Foods,9.99,other,2026-09-23,2026-09-29
Alani,Lowes Foods,22.89,other,2026-09-23,2026-09-29
ALL FREE CLEAR,Lowes Foods,4.88,other,2026-09-23,2026-09-29
"Apothic, Seaglass or Wente",Lowes Foods,8.99,other,2026-09-23,2026-09-29
Artisan Mini Loaves,Lowes Foods,2.99,other,2026-09-23,2026-09-29
Bartlett Pears,Lowes Foods,1.99,other,2026-09-23,2026-09-29
Bocce's Brushy Sticks,Lowes Foods,10.99,other,2026-09-23,2026-09-29
"Bogle, Noble Vines or Cook's",Lowes Foods,7.49,other,2026-09-23,2026-09-29
Borden Single Wrapped Slices,Lowes Foods,5.0,other,2026-09-23,2026-09-29
Boston Butt Roast,Lowes Foods,2.49,other,2026-09-23,2026-09-29
Bota Box or Black Box,Lowes Foods,14.99,other,2026-09-23,2026-09-29
Clif ZBar,Lowes Foods,10.0,other,2026-09-23,2026-09-29
Coke Products,Lowes Foods,5.95,other,2026-09-23,2026-09-29
Cottonelle Bath Tissue,Lowes Foods,6.88,other,2026-09-23,2026-09-29
Cottonelle Wipes,Lowes Foods,6.88,other,2026-09-23,2026-09-29
Country Time Half & Half,Lowes Foods,7.0,other,2026-09-23,2026-09-29
Crystal Light On The Go,Lowes Foods,2.95,other,2026-09-23,2026-09-29
DAILY SELECTION AVAILABLE AT THE SALAD BAR,Lowes Foods,12.99,other,2026-09-23,2026-09-29
DAILY SELECTION AVAILABLE AT THE SALAD BAR,Lowes Foods,6.99,other,2026-09-23,2026-09-29
DiGiorno Stuffed Crust Pizza,Lowes Foods,7.99,other,2026-09-23,2026-09-29
Dreamy Creamy Cole Slaw,Lowes Foods,6.99,other,2026-09-23,2026-09-29
"Ecco Domani, Risata or Yes Way Rose",Lowes Foods,10.49,other,2026-09-23,2026-09-29
Eternal Water,Lowes Foods,5.99,other,2026-09-23,2026-09-29
Fresh Express Salads,Lowes Foods,3.99,other,2026-09-23,2026-09-29
Farm Rich Meatballs,Lowes Foods,3.99,other,2026-09-23,2026-09-29
FLORAL SUNFLOWER SPLASH BOUQUET,Lowes Foods,10.0,other,2026-09-23,2026-09-29
Full Moon Dry Dog Food,Lowes Foods,17.99,other,2026-09-23,2026-09-29
Good 'n' Fun Twist Sticks Dog Treats,Lowes Foods,8.99,other,2026-09-23,2026-09-29
Green Giant Steamers,Lowes Foods,10.0,other,2026-09-23,2026-09-29
Guy Fieri's Flavortown Sauce,Lowes Foods,8.0,other,2026-09-23,2026-09-29
Halloween Haunted Houses,Lowes Foods,14.99,other,2026-09-23,2026-09-29
InnovAsian Entrees,Lowes Foods,5.99,other,2026-09-23,2026-09-29
Jimmy Dean Breakfast Bowls,Lowes Foods,6.0,other,2026-09-23,2026-09-29
KELLOGG'S POP-TARTS,Lowes Foods,6.0,other,2026-09-23,2026-09-29
Kraft Singles,Lowes Foods,7.0,other,2026-09-23,2026-09-29
Lean Cuisine Dinner Entrees,Lowes Foods,10.0,other,2026-09-23,2026-09-29
Liquid Death Sparkling Energy,Lowes Foods,1.95,other,2026-09-23,2026-09-29
Lowes Foods Barbecue Sauce,Lowes Foods,1.79,other,2026-09-23,2026-09-29
Lowes Foods Drinking Water,Lowes Foods,7.0,other,2026-09-23,2026-09-29
Lowes Foods Quick Grits,Lowes Foods,5.0,other,2026-09-23,2026-09-29
Lowes Foods Waffle Cone Bites,Lowes Foods,3.99,other,2026-09-23,2026-09-29
Meiomi or Belle Glos Rose Matua Bagnum,Lowes Foods,14.24,other,2026-09-23,2026-09-29
Mini Pane Italian Loaf,Lowes Foods,1.79,other,2026-09-23,2026-09-29
Mio Liquid Drink Mix,Lowes Foods,2.95,other,2026-09-23,2026-09-29
Muenster Cheese,Lowes Foods,12.99,other,2026-09-23,2026-09-29
Newman's Own Thin Pizza,Lowes Foods,12.0,other,2026-09-23,2026-09-29
Oscar Mayer Uploaded Lunchables,Lowes Foods,8.0,other,2026-09-23,2026-09-29
PictSweet Frozen Vegetables,Lowes Foods,10.0,other,2026-09-23,2026-09-29
PINT BLUEBERRIES,Lowes Foods,3.99,other,2026-09-23,2026-09-29
"Quilted Northern Bath Tissue, Brawny Paper Towels",Lowes Foods,14.0,other,2026-09-23,2026-09-29
Ranch or Dipping Sauces,Lowes Foods,2.99,other,2026-09-23,2026-09-29
Red Seedless Grapes,Lowes Foods,2.99,other,2026-09-23,2026-09-29
Rodney Strong selected 750 ml Sutter Home or Gionelli selected 1.5 liter,Lowes Foods,8.24,other,2026-09-23,2026-09-29
SAMMY'S SALAD BAR,Lowes Foods,8.99,other,2026-09-23,2026-09-29
SAMMY'S SOUPS,Lowes Foods,6.99,other,2026-09-23,2026-09-29
Serenity Kids Meals,Lowes Foods,14.99,other,2026-09-23,2026-09-29
Serenity Kids Organic Pouch,Lowes Foods,5.0,other,2026-09-23,2026-09-29
Serenity Kids Organic Pouch,Lowes Foods,3.79,other,2026-09-23,2026-09-29
Serenity Kids Puffs,Lowes Foods,8.0,other,2026-09-23,2026-09-29
Signature Ham Sandwich,Lowes Foods,9.99,other,2026-09-23,2026-09-29
Simply Done Bleach,Lowes Foods,4.88,other,2026-09-23,2026-09-29
Simply Done Dish Soap,Lowes Foods,5.99,other,2026-09-23,2026-09-29
Simply Done 9 Inch Paper Plates,Lowes Foods,5.99,other,2026-09-23,2026-09-29
Simply Done Tall Kitchen Bags,Lowes Foods,18.88,other,2026-09-23,2026-09-29
Snuggle or All Dryer Sheets,Lowes Foods,3.88,other,2026-09-23,2026-09-29
Frozen Sockeye Portion,Lowes Foods,7.99,other,2026-09-23,2026-09-29
Fresh Step Litter,Lowes Foods,11.99,other,2026-09-23,2026-09-29
Stouffer's or Yellowstone Large Entrées,Lowes Foods,3.99,other,2026-09-23,2026-09-29
Suavitel Fabric Softener,Lowes Foods,8.99,other,2026-09-23,2026-09-29
Supreme Source Dog Food,Lowes Foods,19.99,other,2026-09-23,2026-09-29
"Tide Evo Detergent selected 16 ct, Gain Laundry Detergent selected 31 ct or 81 - 100 oz , Downy Scent Booster selected 10.7 - 13 oz",Lowes Foods,9.99,other,2026-09-23,2026-09-29
Utz Variety Snack Pack,Lowes Foods,5.99,other,2026-09-23,2026-09-29
Whole Smoked Chicken,Lowes Foods,9.99,other,2026-09-23,2026-09-29
Zatarain's Singles,Lowes Foods,8.0,other,2026-09-23,2026-09-29
Zevia,Lowes Foods,4.99,other,2026-09-23,2026-09-29
"Allegra 24-30 ct, Allegra Kids 8 oz, Xyzal 35 ct or Nasacort .57 oz",Publix,19.99,other,2026-09-23,2026-10-06
Always Radiant or Infinity Flexfoam Pads,Publix,9.99,other,2026-09-23,2026-10-06
Bartlett or Red Pears,Publix,1.99,other,2026-09-23,2026-09-29
Boar's Head Deluxe Ham,Publix,11.99,other,2026-09-23,2026-09-29
Briannas Home Style Dressing,Publix,3.59,other,2026-09-10,2026-09-23
Chinet Classic White Plates,Publix,12.0,other,2026-09-23,2026-09-29
Chuck Tender Roast,Publix,7.99,other,2026-09-23,2026-09-29
Clorox Disinfecting Wipes,Publix,8.0,other,2026-09-23,2026-09-29
Colgae Mouthwash 1-L,Publix,7.0,other,2026-09-23,2026-10-06
Colgate MaxFresh Toothpaste,Publix,3.0,other,2026-09-10,2026-09-23
Colgate Total: Toothpaste 5.1-oz,Publix,7.0,other,2026-09-23,2026-10-06
Crest 3D White Toothpaste,Publix,10.0,other,2026-09-23,2026-09-29
Crest Pro-Health Mouthwash,Publix,12.0,other,2026-09-23,2026-09-29
Degree Advanced or Ultra Clear Deodorant,Publix,10.0,other,2026-09-23,2026-10-06
Del Monte Fruit Cups,Publix,5.0,other,2026-09-23,2026-09-29
Dial Bar Soap,Publix,7.0,other,2026-09-23,2026-09-29
Dial Foaming Hand Wash,Publix,5.0,other,2026-09-23,2026-09-29
Dixie Plates or Bowls,Publix,12.0,other,2026-09-23,2026-09-29
Duke's Tartar Sauce,Publix,5.0,other,2026-09-10,2026-09-23
Earth's Best Organic Snack Bars,Publix,7.0,other,2026-09-23,2026-09-29
Fabuloso Multi-Purpose Cleaner,Publix,4.99,other,2026-09-23,2026-10-06
Febreze Air Freshener,Publix,7.0,other,2026-09-23,2026-09-29
Garnier Skin Active Micellar Cleansing Water,Publix,8.99,other,2026-09-23,2026-09-29
Georgia Pacific Products,Publix,9.99,other,2026-09-23,2026-09-29
GreenWise Organic Salads,Publix,7.9,other,2026-09-23,2026-09-29
GreenWise Organic Skillet Meal,Publix,8.99,other,2026-09-23,2026-09-29
GreenWise Organic Tea,Publix,6.0,other,2026-09-23,2026-09-29
Ground Chuck†,Publix,4.89,other,2026-09-23,2026-09-29
Ground Chuck†,Publix,4.99,other,2026-09-23,2026-09-29
Gum Drops Grapes,Publix,3.49,other,2026-09-23,2026-09-29
Head & Shoulders Bare Shampoo or Conditioner,Publix,9.99,other,2026-09-23,2026-09-29
Hefty Trash Bags,Publix,9.49,other,2026-09-23,2026-10-06
Hormel Entrées,Publix,7.99,other,2026-09-23,2026-09-29
Listerine,Publix,7.99,other,2026-09-10,2026-09-23
Method Foaming Hand Wash,Publix,6.0,other,2026-09-23,2026-10-06
Michael Angelo's Entrée,Publix,8.0,other,2026-09-23,2026-09-29
Mini Strudels,Publix,4.99,other,2026-09-23,2026-09-29
Mitchum Antiperspirant & Deodorant,Publix,8.0,other,2026-09-23,2026-10-06
Moon Drops Grapes,Publix,3.49,other,2026-09-23,2026-09-29
Nestlé La Lechera Dulce de Leche,Publix,3.99,other,2026-09-10,2026-09-23
Nestlé Toll House Allergen Free Morsels,Publix,6.99,other,2026-09-10,2026-09-23
Nestlé Toll House Morsels,Publix,8.99,other,2026-09-10,2026-09-23
Nexxus Shampoo or Conditioner 13.5-oz OR Styling 2.3-10.6-oz,Publix,14.99,other,2026-09-23,2026-10-06
Nissin Top Ramen Bowl,Publix,10.0,other,2026-09-23,2026-09-29
Orgain Powder,Publix,19.99,other,2026-09-23,2026-10-06
Orgain Shake,Publix,16.0,other,2026-09-23,2026-10-06
Publix 8-Piece Mixed Fried Chicken,Publix,10.49,other,2026-09-23,2026-09-29
Publix Alkaline Long-Lasting Battery BOGO*,Publix,8.99,other,2026-09-23,2026-09-29
Publix Dishwasher Detergent Pacs,Publix,4.49,other,2026-09-23,2026-09-29
Publix Dry Mop Wipes,Publix,3.99,other,2026-09-23,2026-09-29
Publix Italian Herb Chicken,Publix,9.99,other,2026-09-23,2026-09-29
Publix Mexican-Style Street Corn†,Publix,6.49,other,2026-09-23,2026-09-29
Publix Salad Blends†,Publix,5.0,other,2026-09-23,2026-09-29
Publix Salad Kits,Publix,6.0,other,2026-09-23,2026-09-29
Publix Stuffed Jalapeño Peppers†,Publix,8.99,other,2026-09-23,2026-09-29
Publix Vegetables,Publix,10.0,other,2026-09-23,2026-09-29
Pumpkin Fritters,Publix,4.99,other,2026-09-23,2026-09-29
Pura Vida Floral Bouquet,Publix,11.99,other,2026-09-23,2026-09-29
Pure Leaf Tea,Publix,6.0,other,2026-09-10,2026-09-23
Purex Crystals In-Wash Fragrance Booster,Publix,8.0,other,2026-09-23,2026-09-29
Purex Laundry Detergent BOGO*,Publix,8.29,other,2026-09-23,2026-09-29
Quilted Northern Bathroom Tissue,Publix,11.99,other,2026-09-23,2026-09-29
Red or White Seedless Grapes,Publix,2.99,other,2026-09-23,2026-09-29
Reser's Main St Bistro Side Dishes,Publix,7.0,other,2026-09-23,2026-09-29
Revlon Colorsilk,Publix,5.49,other,2026-09-10,2026-09-23
Revlon Colorsilk Tone + Gloss + Care,Publix,5.49,other,2026-09-10,2026-09-23
Right Guard Antiperspirant/Deodorant,Publix,4.49,other,2026-09-10,2026-09-23
Royal Ready to Heat Rice,Publix,5.0,other,2026-09-10,2026-09-23
Softsoap Liquid Hand Soap Refills 50-oz or Irish Spring Bar Soap 8-ct.,Publix,5.99,other,2026-09-10,2026-09-23
Softsoap or Irish Spring Body Wash,Publix,10.0,other,2026-09-10,2026-09-23
Sparkle Paper Towels,Publix,11.0,other,2026-09-23,2026-09-29
Sparkling Ice,Publix,11.99,other,2026-09-10,2026-09-23
Summ! Items,Publix,10.0,other,2026-09-10,2026-09-23
Tampax Tampons 28–36-ct. or Always Ultra or Maxi Pads 21–46-ct.,Publix,8.99,other,2026-09-23,2026-10-06
Tiger Balm Ointment .63-oz or Patch 5-ct.,Publix,5.79,other,2026-09-10,2026-09-23
Tropicana Refreshers,Publix,5.0,other,2026-09-23,2026-09-29
Velveeta,Publix,7.49,other,2026-09-10,2026-09-23
Boulder Heavy Duty Coated Paper Plates,ALDI,3.39,pantry,2026-09-23,2026-09-29
THE HALLOWEEN COLLECTION Children's Halloween Pajamas,ALDI,7.99,pantry,2026-09-30,2026-10-06
THE HALLOWEEN COLLECTION LED Floating Witch Hats,ALDI,6.99,pantry,2026-09-23,2026-09-29
Inglehoffer Mustard,ALDI,2.84,pantry,2026-09-23,2026-09-29
Mission Flour Tortillas,Food Lion,4.0,pantry,2026-09-23,2026-09-29
Kikkoman Soy Sauce,Food Lion,5.0,pantry,2026-09-23,2026-09-29
Kinder's Seasoning,Food Lion,3.99,pantry,2026-09-23,2026-09-29
Mt. Olive Simply Pickles,Food Lion,5.0,pantry,2026-09-23,2026-09-29
Kellogg's Rice Krispies Treats Original or Homestyle,Food Lion,8.99,pantry,2026-09-23,2026-09-29
Knorr Pasta or Rice Sides,Food Lion,5.0,pantry,2026-09-23,2026-09-29
Taste of Inspirations Pasta Salad,Food Lion,3.99,pantry,2026-09-23,2026-09-29
Food Lion Baking Sugars,Food Lion,3.0,pantry,2026-09-23,2026-09-29
Texas Pete Hot Sauce,Food Lion,2.99,pantry,2026-09-23,2026-09-29
Arriba! Seasoning,Harris Teeter,5.0,pantry,2026-09-09,2026-10-06
Balsamic Vinegar Glaze,Harris Teeter,7.99,pantry,2026-09-09,2026-10-06
Bobo's Oat Bites,Harris Teeter,8.99,pantry,2026-09-09,2026-10-06
Bonne Maman Pumpkin Spice Spread,Harris Teeter,7.99,pantry,2026-09-09,2026-10-06
Drizzilicious Mini Pumpkin Spice Bites,Harris Teeter,7.0,pantry,2026-09-09,2026-10-06
Edisto Gold Honey,Harris Teeter,9.99,pantry,2026-09-23,2026-09-29
Harris Teeter Flavored Mustard,Harris Teeter,5.0,pantry,2026-09-23,2026-09-29
Harris Teeter Pickles,Harris Teeter,4.0,pantry,2026-09-23,2026-09-29
Harris Teeter Spices,Harris Teeter,1.99,pantry,2026-09-23,2026-09-29
Hellmann's Mayonnaise,Harris Teeter,4.97,pantry,2026-09-23,2026-09-29
Hellmann's Squeeze Real Mayonnaise,Harris Teeter,4.59,pantry,2026-09-23,2026-09-29
Loisa Seasoning,Harris Teeter,6.49,pantry,2026-09-09,2026-10-06
McCormick Chili Seasoning Mix,Harris Teeter,5.0,pantry,2026-09-23,2026-09-29
Mt. Olive Squeeze Relish,Harris Teeter,6.0,pantry,2026-09-23,2026-09-29
Pam Cooking Spray,Harris Teeter,7.0,pantry,2026-09-23,2026-09-29
Platinum Balsamic Vinegar,Harris Teeter,10.99,pantry,2026-09-09,2026-10-06
Pompeian Organic Balsamic Vinegar,Harris Teeter,3.99,pantry,2026-09-23,2026-09-29
Like Air Drizzled Rice Cakes,Harris Teeter,7.0,pantry,2026-09-09,2026-10-06
Harris Teeter Jasmine Rice,Harris Teeter,19.99,pantry,2026-09-09,2026-10-06
Like Air Drizzled Rice Cakes,Harris Teeter,7.0,pantry,2026-09-09,2026-10-06
Harris Teeter Jasmine Rice,Harris Teeter,19.99,pantry,2026-09-09,2026-10-06
"32 oz. Harris Teeter Chicken Broth 8.8 oz, 90 Second Rice or 7 oz, 60 Second Pasta",Harris Teeter,5.0,pantry,2026-09-23,2026-09-29
Ben's Original Jasmine Rice Cups,Harris Teeter,5.0,pantry,2026-09-23,2026-09-29
Siete Seasoning,Harris Teeter,5.0,pantry,2026-09-09,2026-10-06
Siete Taco Shells,Harris Teeter,5.99,pantry,2026-09-09,2026-10-06
Simple Truth Organic Black Beans,Harris Teeter,5.0,pantry,2026-09-23,2026-09-29
Simple Truth Organic Raw Agave,Harris Teeter,6.39,pantry,2026-09-09,2026-10-06
Hoboken Farms Pasta Sauce,Harris Teeter,5.99,pantry,2026-09-09,2026-10-06
Brami Durum Wheat Pasta,Harris Teeter,3.99,pantry,2026-09-09,2026-10-06
Hoboken Farms Pasta Sauce,Harris Teeter,5.99,pantry,2026-09-09,2026-10-06
Brami Durum Wheat Pasta,Harris Teeter,3.99,pantry,2026-09-09,2026-10-06
Simple Truth Organic Spaghetti or Simple Truth Protein Penne,Harris Teeter,5.0,pantry,2026-09-23,2026-09-29
G Hughes Sugar-Free BBQ Sauce,Harris Teeter,5.99,pantry,2026-09-09,2026-10-06
G Hughes Sugar-Free BBQ Sauce,Harris Teeter,5.99,pantry,2026-09-09,2026-10-06
Zevia Zero Sugar Canned Soda,Harris Teeter,4.99,pantry,2026-09-23,2026-09-29
"Harris Teeter Dark Brown, Light Brown or Powdered Sugar",Harris Teeter,5.0,pantry,2026-09-23,2026-09-29
Tajin Fruit Rimmer Seasoning,Harris Teeter,4.99,pantry,2026-09-09,2026-10-06
BUY 3/4 Lb Boar's Head MAPLE GLAZED HONEY COAT™ HAM & 1/4 lb of Boar's Head Muenster Cheese,Lowes Foods,10.99,pantry,2026-09-23,2026-09-29
Food Club Flour,Lowes Foods,1.99,pantry,2026-09-23,2026-09-29
Heinz Mustard,Lowes Foods,5.0,pantry,2026-09-23,2026-09-29
Hellmann's Real Mayonnaise,Lowes Foods,5.99,pantry,2026-09-23,2026-09-29
Lowes Foods Maple Syrup,Lowes Foods,15.99,pantry,2026-09-23,2026-09-29
Lowes Foods Mustard,Lowes Foods,1.29,pantry,2026-09-23,2026-09-29
Lowes Foods Pickles,Lowes Foods,6.99,pantry,2026-09-23,2026-09-29
Maple Glazed Honey Coat™ Ham,Lowes Foods,15.99,pantry,2026-09-23,2026-09-29
Minute Rice Ready To Serve Cups,Lowes Foods,4.0,pantry,2026-09-23,2026-09-29
Southeastern Mills Gravy Mixes,Lowes Foods,5.0,pantry,2026-09-23,2026-09-29
Cavatappi Macaroni & Cheese,Lowes Foods,6.99,pantry,2026-09-23,2026-09-29
"Johnsonville Maple, Brown Sugar Maple or Regular Pork Sausage Links",Lowes Foods,4.69,pantry,2026-09-23,2026-09-29
Bertolli Olive Oil,Publix,18.99,pantry,2026-09-23,2026-10-06
Better Than Bouillon,Publix,11.0,pantry,2026-09-10,2026-09-23
Carapelli Olive Oil,Publix,9.99,pantry,2026-09-10,2026-09-23
GreenWise Organic Honey,Publix,6.49,pantry,2026-09-23,2026-09-29
GreenWise Frozen Quinoa,Publix,8.0,pantry,2026-09-23,2026-09-29
Publix White Distilled Vinegar,Publix,2.89,pantry,2026-09-23,2026-09-29
Mahatma Jasmine Rice†,Publix,2.49,pantry,2026-09-23,2026-09-29
Michaels of Brooklyn Pasta Sauce,Publix,8.39,pantry,2026-09-10,2026-09-23
Publix Premium Pasta†,Publix,5.0,pantry,2026-09-23,2026-09-29
GreenWise Organic Pasta Sauce,Publix,2.99,pantry,2026-09-23,2026-09-29
GreenWise Organic Alfredo Pasta Sauce,Publix,3.99,pantry,2026-09-23,2026-09-29
Michaels of Brooklyn Pasta Sauce,Publix,8.39,pantry,2026-09-10,2026-09-23
"Salmon Select Cuts, Brown Sugar Glazed,",Publix,7.99,pantry,2026-09-23,2026-09-29
GreenWise Organic Cane Sugar†,Publix,4.24,pantry,2026-09-23,2026-09-29
Raw Sugar Body Wash,Publix,7.99,pantry,2026-09-23,2026-09-29
California Pizza Kitchen,Harris Teeter,12.0,prepared,2026-09-23,2026-09-29
Dumpling Daughter Sauce,Harris Teeter,11.0,prepared,2026-09-09,2026-10-06
Harris Teeter Sandwich or Snack Bags,Harris Teeter,4.0,prepared,2026-09-23,2026-09-29
Harris Teeter Zipper Colored Sandwich Bags,Harris Teeter,2.79,prepared,2026-09-09,2026-10-06
Rana Meal Kits,Lowes Foods,13.99,prepared,2026-09-23,2026-09-29
Avocados,ALDI,0.59,produce,2026-09-23,2026-09-29
Caramel Apples,ALDI,2.99,produce,2026-09-23,2026-09-29
Deutsche Küche Muesli Cereal,ALDI,3.49,produce,2026-09-23,2026-09-29
Deutsche Küche Lentil Chickpea or Harvest Potato,ALDI,3.15,produce,2026-09-23,2026-09-29
Deutsche Küche Red Cabbage with Apple,ALDI,2.49,produce,2026-09-23,2026-09-29
Deutsche Küche White Asparagus,ALDI,2.99,produce,2026-09-23,2026-09-29
Deutsche Küche Potato Sticks,ALDI,1.89,produce,2026-09-23,2026-09-29
Cherub Grape Tomatoes,ALDI,1.99,produce,2026-09-23,2026-09-29
New York Gala Apples,ALDI,1.99,produce,2026-09-23,2026-09-29
Organic Zucchini,ALDI,2.39,produce,2026-09-23,2026-09-29
Food Lion Celery,Food Lion,3.0,produce,2026-09-23,2026-09-29
Quaker Life or Oatmeal Squares Cereal,Food Lion,4.49,produce,2026-09-23,2026-09-29
General Mills Toast Crunch or Honey Nut Cheerios Cereal,Food Lion,4.0,produce,2026-09-23,2026-09-29
General Mills Cheerios or Lucky Charms Cereal,Food Lion,3.99,produce,2026-09-23,2026-09-29
Cucumbers or Green Peppers,Food Lion,0.59,produce,2026-09-23,2026-09-29
Food Lion Gala Apples,Food Lion,2.99,produce,2026-09-23,2026-09-29
Food Lion Gold Potatoes,Food Lion,4.0,produce,2026-09-23,2026-09-29
Food Lion Red Onions,Food Lion,4.0,produce,2026-09-23,2026-09-29
Food Lion Supreme Baby Cut Carrots,Food Lion,3.0,produce,2026-09-23,2026-09-29
Golden Pineapple,Food Lion,1.99,produce,2026-09-23,2026-09-29
Granny Smith Apples,Food Lion,3.99,produce,2026-09-23,2026-09-29
Green Cabbage,Food Lion,0.69,produce,2026-09-23,2026-09-29
Nature's Promise Organic Baby Cut Carrots,Food Lion,1.49,produce,2026-09-23,2026-09-29
Mandarins,Food Lion,3.49,produce,2026-09-23,2026-09-29
Florida's Natural Orange Juice,Food Lion,3.49,produce,2026-09-23,2026-09-29
Wise Potato Chips or Ridgies,Food Lion,6.0,produce,2026-09-23,2026-09-29
Lay's Potato Chips,Food Lion,4.0,produce,2026-09-23,2026-09-29
Snapple,Food Lion,4.79,produce,2026-09-23,2026-09-29
Hunt's Tomatoes,Food Lion,5.0,produce,2026-09-23,2026-09-29
Campbell's Chicken Noodle or Tomato Soup,Food Lion,1.0,produce,2026-09-23,2026-09-29
TASTE OF INSPIRATIONS TOMATOES,Food Lion,2.49,produce,2026-09-23,2026-09-29
2 lb. bag Organic Green Pears or Simple Truth Organic Gala Apples,Harris Teeter,4.99,produce,2026-09-09,2026-10-06
Bai Flavored Water or 16 oz. Snapple,Harris Teeter,4.0,produce,2026-09-23,2026-09-29
Baker's Chocolate or 14 oz. Coconut,Harris Teeter,6.0,produce,2026-09-23,2026-09-29
Bloom Sparkling Energy Drink Pear Scare,Harris Teeter,5.0,produce,2026-09-23,2026-09-29
Caramel Apples,Harris Teeter,4.99,produce,2026-09-23,2026-09-29
Three Wishes Pumpkin Spice Cereal,Harris Teeter,6.49,produce,2026-09-09,2026-10-06
Michele's Granola Granola,Harris Teeter,6.99,produce,2026-09-09,2026-10-06
Purely Elizabeth Granola,Harris Teeter,6.99,produce,2026-09-09,2026-10-06
Harris Teeter Peanut Butter Chocolate Puffs Cereal,Harris Teeter,3.19,produce,2026-09-09,2026-10-06
Three Wishes Pumpkin Spice Cereal,Harris Teeter,6.49,produce,2026-09-09,2026-10-06
Michele's Granola Granola,Harris Teeter,6.99,produce,2026-09-09,2026-10-06
Purely Elizabeth Granola,Harris Teeter,6.99,produce,2026-09-09,2026-10-06
Harris Teeter Peanut Butter Chocolate Puffs Cereal,Harris Teeter,3.19,produce,2026-09-09,2026-10-06
Magic Spoon Cereal,Harris Teeter,6.99,produce,2026-09-23,2026-09-29
General Mills Cereal,Harris Teeter,6.0,produce,2026-09-23,2026-09-29
Family Size Bear Naked Granola,Harris Teeter,6.99,produce,2026-09-23,2026-09-29
Harris Teeter Kids Cereal,Harris Teeter,7.0,produce,2026-09-23,2026-09-29
Kellogg's Giant Size Kids Cereals,Harris Teeter,5.99,produce,2026-09-23,2026-09-29
HT Traders Granola Clusters,Harris Teeter,4.49,produce,2026-09-23,2026-09-29
Harris Teeter Pumpkin Spice Cereal Bars,Harris Teeter,1.99,produce,2026-09-23,2026-09-29
6.2 - 7.4 oz. Harris Teeter Sweet & Salty Granola Bars or 16 oz. Peanut Butter,Harris Teeter,1.99,produce,2026-09-23,2026-09-29
Crispy Fried Onions,Harris Teeter,4.99,produce,2026-09-09,2026-10-06
Dark Cherry or Aged Balsamic Vinegar,Harris Teeter,8.99,produce,2026-09-09,2026-10-06
Fresh Express Tender Leaf Spinach,Harris Teeter,1.99,produce,2026-09-23,2026-09-29
Farmers Market Medium Avocados,Harris Teeter,0.99,produce,2026-09-23,2026-09-29
Farmers Market Baby Carrots,Harris Teeter,1.59,produce,2026-09-23,2026-09-29
Farmers Market Baby Spinach,Harris Teeter,6.0,produce,2026-09-23,2026-09-29
Farmers Market Broccoli Crowns,Harris Teeter,1.99,produce,2026-09-23,2026-09-29
Farmers Market Golden Pineapples,Harris Teeter,7.0,produce,2026-09-23,2026-09-29
Farmers Market Green Cabbage,Harris Teeter,0.79,produce,2026-09-23,2026-09-29
Farmers Market Honey Crisp Apples,Harris Teeter,2.99,produce,2026-09-23,2026-09-29
Farmers Market Red Onions,Harris Teeter,1.19,produce,2026-09-23,2026-09-29
Garrett Popcorn Shops Popcorn Mix,Harris Teeter,5.99,produce,2026-09-09,2026-10-06
Organic Green or Gold Kiwi,Harris Teeter,5.99,produce,2026-09-09,2026-10-06
Harris Teeter Cut Green Beans,Harris Teeter,5.0,produce,2026-09-23,2026-09-29
Harris Teeter Lemon or Lime Juice,Harris Teeter,1.79,produce,2026-09-23,2026-09-29
Harris Teeter Limeade Mix,Harris Teeter,1.79,produce,2026-09-09,2026-10-06
Hershey's or Reese's Gourmet Apples,Harris Teeter,6.99,produce,2026-09-23,2026-09-29
Lemons,Harris Teeter,5.49,produce,2026-09-09,2026-10-06
Organic Romaine Hearts,Harris Teeter,4.49,produce,2026-09-09,2026-10-06
Organic Romaine Hearts,Harris Teeter,4.49,produce,2026-09-09,2026-10-06
"Harris Teeter Mixed Fruit, Mandarin Orange or Peach Bowls",Harris Teeter,5.99,produce,2026-09-23,2026-09-29
"Farmers Market Red, Yellow or Orange Bell Peppers",Harris Teeter,1.29,produce,2026-09-23,2026-09-29
Florida's Natural Orange Juice,Harris Teeter,4.0,produce,2026-09-23,2026-09-29
Simply Orange Juice,Harris Teeter,8.0,produce,2026-09-23,2026-09-29
Siete Kettle Cooked Potato Chips,Harris Teeter,3.99,produce,2026-09-09,2026-10-06
Siete Kettle Cooked Potato Chips,Harris Teeter,3.99,produce,2026-09-09,2026-10-06
Harris Teeter Russet Potatoes,Harris Teeter,2.99,produce,2026-09-23,2026-09-29
"Alexia French Fries, Sweet Potato Fries or Onion Rings",Harris Teeter,4.69,produce,2026-09-23,2026-09-29
Singles Caramel Apples,Harris Teeter,1.99,produce,2026-09-23,2026-09-29
Hunt's or 14.5 - 15 oz. Rotel Can Tomatoes,Harris Teeter,5.0,produce,2026-09-23,2026-09-29
Harris Teeter Tomatoes,Harris Teeter,1.79,produce,2026-09-23,2026-09-29
Farmers Market Red Hothouse Tomatoes,Harris Teeter,1.69,produce,2026-09-23,2026-09-29
BOLTHOUSE SWEET BABY CARROTS,Lowes Foods,1.69,produce,2026-09-23,2026-09-29
Corn Tops,Lowes Foods,4.99,produce,2026-09-23,2026-09-29
FRESH CRISP BROCCOLI CROWNS,Lowes Foods,2.29,produce,2026-09-23,2026-09-29
Gala Apple,Lowes Foods,0.99,produce,2026-09-23,2026-09-29
Green Bell Peppers,Lowes Foods,0.99,produce,2026-09-23,2026-09-29
MASHED POTATOES,Lowes Foods,6.99,produce,2026-09-23,2026-09-29
Loaded Baked Potato Salad,Lowes Foods,7.99,produce,2026-09-23,2026-09-29
Lowes Foods Potato Chips,Lowes Foods,5.0,produce,2026-09-23,2026-09-29
RED OR GOLD POTATOES,Lowes Foods,4.99,produce,2026-09-23,2026-09-29
SAMMY'S SRIRACHA LIME SAMMICH SPREAD,Lowes Foods,4.49,produce,2026-09-23,2026-09-29
Heinz Tomato Ketchup,Lowes Foods,6.0,produce,2026-09-23,2026-09-29
Vita Coco Coconut Water,Lowes Foods,18.45,produce,2026-09-23,2026-09-29
JUMBO YELLOW ONIONS,Lowes Foods,1.49,produce,2026-09-23,2026-09-29
"Boar's Head® Cream Havarti Plain, Dill, or Jalapeño Cheese",Publix,11.99,produce,2026-09-23,2026-09-29
Broccoli,Publix,6.0,produce,2026-09-23,2026-09-29
Brussels Sprouts,Publix,5.0,produce,2026-09-23,2026-09-29
Dandy Celery Sticks†,Publix,5.0,produce,2026-09-23,2026-09-29
Cucumbers,Publix,0.79,produce,2026-09-23,2026-09-29
Fall Hard Squash,Publix,1.29,produce,2026-09-23,2026-09-29
GreenWise Avocado Seed & Grain Bread,Publix,4.99,produce,2026-09-23,2026-09-29
GreenWise Organic Gala Apples,Publix,4.99,produce,2026-09-23,2026-09-29
GreenWise Organic Sliced Baby Bella Mushrooms,Publix,5.0,produce,2026-09-23,2026-09-29
GreenWise Organic Whole Carrots†,Publix,3.0,produce,2026-09-23,2026-09-29
Navel Oranges,Publix,1.69,produce,2026-09-23,2026-09-29
Mandarins,Publix,4.99,produce,2026-09-23,2026-09-29
Pero Family Farms Snipped Green Beans,Publix,5.0,produce,2026-09-23,2026-09-29
Pomegranates,Publix,10.0,produce,2026-09-23,2026-09-29
Publix Russet Potatoes,Publix,3.99,produce,2026-09-23,2026-09-29
Publix Potato Skins†,Publix,8.99,produce,2026-09-23,2026-09-29
Publix Sweet Potatoes With Butter,Publix,6.49,produce,2026-09-23,2026-09-29
Publix Garlic Bread,Publix,6.0,produce,2026-09-23,2026-09-29
Publix Red Seedless Watermelon Chunks,Publix,3.49,produce,2026-09-23,2026-09-29
Publix Seasoned Asparagus Side†,Publix,6.49,produce,2026-09-23,2026-09-29
Publix Spinach,Publix,1.49,produce,2026-09-23,2026-09-29
Publix Yellow Onions,Publix,3.99,produce,2026-09-23,2026-09-29
Red Navel or Navel Oranges,Publix,4.99,produce,2026-09-23,2026-09-29
Red or Black Plums,Publix,2.99,produce,2026-09-23,2026-09-29
Beefsteak Tomato,Publix,1.99,produce,2026-09-23,2026-09-29
Vicks PainQuil Black Cherry or PainQuil PM Midnight Cherry,Publix,5.99,produce,2026-09-23,2026-10-06
Deutsche Küche MSC Herring in Flavored Crème,ALDI,1.99,seafood,2026-09-23,2026-09-29
Cold Water Lobster Tail,Food Lion,5.99,seafood,2026-09-23,2026-09-29
Luke's Lobster Cakes,Food Lion,4.99,seafood,2026-09-23,2026-09-29
Phillips Premium Lobster Mac & Cheese,Food Lion,6.99,seafood,2026-09-23,2026-09-29
Sovereign Seas Norway Lobster Bites,Food Lion,9.99,seafood,2026-09-23,2026-09-29
Food Lion Raw Shrimp,Food Lion,8.99,seafood,2026-09-23,2026-09-29
Tastee Choice Shrimp,Food Lion,3.99,seafood,2026-09-23,2026-09-29
Bass Farm Country Pork Sausage,Harris Teeter,4.99,seafood,2026-09-23,2026-09-29
Byrd Claw Crab Meat,Harris Teeter,11.99,seafood,2026-09-23,2026-09-29
Crab Luscious Signature Crab Cakes,Harris Teeter,8.0,seafood,2026-09-23,2026-09-29
Harris Teeter Family Size Chunk Light Tuna Pouch,Harris Teeter,3.49,seafood,2026-09-09,2026-10-06
Swordfish Steaks,Harris Teeter,13.99,seafood,2026-09-23,2026-09-29
Argentine Shrimp,Harris Teeter,8.99,seafood,2026-09-23,2026-09-29
Fresh Farm Raised Tilapia Fillets,Harris Teeter,6.99,seafood,2026-09-23,2026-09-29
Farm Raised Catfish Fillets,Harris Teeter,7.99,seafood,2026-09-23,2026-09-29
Fresh Wild Caught White Shrimp,Harris Teeter,11.99,seafood,2026-09-23,2026-09-29
Farm Raised 21 - 30 ct. EZ Peel White Shrimp,Harris Teeter,7.99,seafood,2026-09-23,2026-09-29
Tuna Steaks,Harris Teeter,9.99,seafood,2026-09-23,2026-09-29
Fresh Wild Caught Whole Dressed Snapper,Harris Teeter,9.99,seafood,2026-09-23,2026-09-29
Cape Cod Kettle Cooked Chips,Lowes Foods,7.0,seafood,2026-09-23,2026-09-29
Center Cut Tuna Steaks,Lowes Foods,9.99,seafood,2026-09-23,2026-09-29
Jonah Crab Claws,Lowes Foods,7.99,seafood,2026-09-23,2026-09-29
Pier 33 Gourmet Langostino Lobster,Lowes Foods,12.49,seafood,2026-09-23,2026-09-29
Rock Crab Clusters,Lowes Foods,6.99,seafood,2026-09-23,2026-09-29
StarKist Chunk Light Tuna,Lowes Foods,5.0,seafood,2026-09-23,2026-09-29
SEAPAK SHRIMP,Lowes Foods,5.99,seafood,2026-09-23,2026-09-29
Legacy Shrimply Steamers,Lowes Foods,7.49,seafood,2026-09-23,2026-09-29
Fresh Atlantic Salmon Fillets,Lowes Foods,10.99,seafood,2026-09-23,2026-09-29
Cod Fillets,Lowes Foods,11.99,seafood,2026-09-23,2026-09-29
GreenWise Snow Crab Clusters,Publix,13.99,seafood,2026-09-23,2026-09-29
Lobster Tails,Publix,6.99,seafood,2026-09-23,2026-09-29
Publix Salmon Meal for One,Publix,7.99,seafood,2026-09-23,2026-09-29
Salmon Select Cuts,Publix,6.99,seafood,2026-09-23,2026-09-29
White Shrimp,Publix,9.99,seafood,2026-09-23,2026-09-29
"Cooked Shrimp, Extra-Large, 26 to 30 per Pound, Previously Frozen",Publix,11.99,seafood,2026-09-23,2026-09-29
Vita Classic Atlantic Nova Salmon,Publix,10.99,seafood,2026-09-23,2026-09-29
Barissimo Caramel Macchiato Creamer,ALDI,2.69,snacks,2026-09-23,2026-09-29
Clancy's Kettle Chips,ALDI,1.89,snacks,2026-09-23,2026-09-29
"Crane Peanut, Pilates Balls or Pelvic Trainer",ALDI,9.99,snacks,2026-09-23,2026-09-29
Deutsche Küche Peanut Puffs,ALDI,2.49,snacks,2026-09-23,2026-09-29
Elevation Functional Protein Bars,ALDI,3.69,snacks,2026-09-23,2026-09-29
Simply Nature Organic Fruit Snacks,ALDI,4.95,snacks,2026-09-23,2026-09-29
Betty Crocker or Mott's Fruit Snacks,Food Lion,5.0,snacks,2026-09-23,2026-09-29
Dot's Pretzels,Food Lion,5.59,snacks,2026-09-23,2026-09-29
Herdez Queso Dip,Food Lion,6.0,snacks,2026-09-23,2026-09-29
Junkless Protein Bars,Food Lion,6.99,snacks,2026-09-23,2026-09-29
Kraft Caramels,Food Lion,2.99,snacks,2026-09-23,2026-09-29
Nature's Garden Probiotic Yoggies Trail Mix,Food Lion,4.79,snacks,2026-09-23,2026-09-29
Pace Salsa or Picante Sauce,Food Lion,5.0,snacks,2026-09-23,2026-09-29
Planters Dry Roasted or Cocktail Peanuts,Food Lion,5.0,snacks,2026-09-23,2026-09-29
Snyder's of Hanover Pretzels,Food Lion,7.0,snacks,2026-09-23,2026-09-29
Welch's Fruit Snacks,Food Lion,4.39,snacks,2026-09-23,2026-09-29
Artisan Tropic Reelie Crackers or Plantain Strips,Harris Teeter,7.0,snacks,2026-09-09,2026-10-06
Blue Diamond Almonds,Harris Teeter,12.99,snacks,2026-09-23,2026-09-29
Club Cracker Packs,Harris Teeter,5.0,snacks,2026-09-23,2026-09-29
David Protein Bars,Harris Teeter,7.0,snacks,2026-09-09,2026-10-06
Dot's Homestyle Pretzels or Snack Mix or Reese's Filled Pretzels,Harris Teeter,5.99,snacks,2026-09-23,2026-09-29
Farmers Market Moon Drop or Cotton Candy,Harris Teeter,3.99,snacks,2026-09-23,2026-09-29
Harris Teeter Baking Nuts,Harris Teeter,10.0,snacks,2026-09-23,2026-09-29
Harris Teeter Pretzel Minis,Harris Teeter,3.0,snacks,2026-09-23,2026-09-29
Harris Teeter Protein Bars,Harris Teeter,5.0,snacks,2026-09-23,2026-09-29
Henrietta Said Jumbo Roasted Peanuts,Harris Teeter,6.0,snacks,2026-09-09,2026-10-06
HT Traders Popcorn,Harris Teeter,5.0,snacks,2026-09-23,2026-09-29
Jet-Puffed Marshmallows,Harris Teeter,4.0,snacks,2026-09-23,2026-09-29
Joyride Gummy Snacks,Harris Teeter,4.99,snacks,2026-09-09,2026-10-06
Khloud Protein Chips,Harris Teeter,5.99,snacks,2026-09-09,2026-10-06
Malk Almond Malk,Harris Teeter,6.99,snacks,2026-09-09,2026-10-06
Pepperidge Farm Goldfish or 9 - 17 oz. Premium Saltines,Harris Teeter,6.0,snacks,2026-09-23,2026-09-29
Planters Duos or Flavored Cashews,Harris Teeter,8.0,snacks,2026-09-23,2026-09-29
Private Selection Entertainment Crackers,Harris Teeter,4.0,snacks,2026-09-23,2026-09-29
Private Selection Sea Salt Caramel Dessert Topping,Harris Teeter,7.0,snacks,2026-09-23,2026-09-29
C Pumpkin Spice or Caramel Lattes,Harris Teeter,5.99,snacks,2026-09-23,2026-09-29
Siete Mild Salsa Roja,Harris Teeter,5.49,snacks,2026-09-09,2026-10-06
Simple Truth Organic Snack Crackers,Harris Teeter,3.49,snacks,2026-09-23,2026-09-29
Family Size Pepperidge Farm Goldfish Crackers,Harris Teeter,7.0,snacks,2026-09-23,2026-09-29
"SunChips, PopCorners, Simply or Miss Vickie's",Harris Teeter,6.0,snacks,2026-09-23,2026-09-29
Truth Organic Traditional Salsa,Harris Teeter,2.99,snacks,2026-09-09,2026-10-06
Crav'n Pretzel Nuggets,Lowes Foods,5.99,snacks,2026-09-23,2026-09-29
Crav'n Saltine Crackers,Lowes Foods,5.0,snacks,2026-09-23,2026-09-29
Crav'n Snack Crackers,Lowes Foods,5.0,snacks,2026-09-23,2026-09-29
GoGo Squeez Puddingz,Lowes Foods,3.99,snacks,2026-09-23,2026-09-29
Lil Bellies Animal Crackers or Softcorn,Lowes Foods,5.29,snacks,2026-09-23,2026-09-29
Lowes Foods Almonds,Lowes Foods,6.99,snacks,2026-09-23,2026-09-29
Lowes Foods Cashews,Lowes Foods,7.99,snacks,2026-09-23,2026-09-29
Lowes Foods Kettle Chips,Lowes Foods,5.0,snacks,2026-09-23,2026-09-29
Lowes Foods Peanuts,Lowes Foods,6.99,snacks,2026-09-23,2026-09-29
Lowes Foods Pecans,Lowes Foods,7.99,snacks,2026-09-23,2026-09-29
Lowes Foods Pistachio Kernels,Lowes Foods,10.99,snacks,2026-09-23,2026-09-29
Lowes Foods Trail Mix,Lowes Foods,5.99,snacks,2026-09-23,2026-09-29
Orville Redenbacher's Popcorn,Lowes Foods,3.99,snacks,2026-09-23,2026-09-29
Snyder's of Hanover Pretzels,Lowes Foods,7.0,snacks,2026-09-23,2026-09-29
Utz Party Size Chips,Lowes Foods,9.0,snacks,2026-09-23,2026-09-29
Almond Breeze or Planet Oat,Publix,4.0,snacks,2026-09-10,2026-09-23
Barebells Protein Bar,Publix,9.49,snacks,2026-09-23,2026-09-29
Frozen Cotton Candy Grapes,Publix,4.99,snacks,2026-09-23,2026-09-29
Frito Lay Snack Mix,Publix,9.99,snacks,2026-09-23,2026-09-29
"One A Day Men's or Women's: Multi 200-ct., Gummy 170-ct., or 50+ Gummy 110-ct.",Publix,15.99,snacks,2026-09-23,2026-10-06
Publix Salsa Con Queso Dip,Publix,7.0,snacks,2026-09-23,2026-09-29
Rxbar Protein Bar,Publix,4.0,snacks,2026-09-23,2026-09-29
